--
-- PostgreSQL database dump
--

-- Dumped from database version 16.8
-- Dumped by pg_dump version 16.5

-- Started on 2025-05-01 15:18:05 UTC

SET statement_timeout = 0;
SET lock_timeout = 0;
SET idle_in_transaction_session_timeout = 0;
SET client_encoding = 'UTF8';
SET standard_conforming_strings = on;
SELECT pg_catalog.set_config('search_path', '', false);
SET check_function_bodies = false;
SET xmloption = content;
SET client_min_messages = warning;
SET row_security = off;

ALTER TABLE IF EXISTS ONLY public.sustainability_goals DROP CONSTRAINT IF EXISTS sustainability_goals_category_id_fkey;
ALTER TABLE IF EXISTS ONLY public.operation_impacts DROP CONSTRAINT IF EXISTS operation_impacts_category_id_fkey;
ALTER TABLE IF EXISTS ONLY public.lot_mortality_records DROP CONSTRAINT IF EXISTS lot_mortality_records_lot_id_fkey;
ALTER TABLE IF EXISTS ONLY public.lot_inventory_transactions DROP CONSTRAINT IF EXISTS lot_inventory_transactions_operation_id_fkey;
ALTER TABLE IF EXISTS ONLY public.lot_inventory_transactions DROP CONSTRAINT IF EXISTS lot_inventory_transactions_lot_id_fkey;
ALTER TABLE IF EXISTS ONLY public.impact_factors DROP CONSTRAINT IF EXISTS impact_factors_category_id_fkey;
ALTER TABLE IF EXISTS ONLY public.flupsy_impacts DROP CONSTRAINT IF EXISTS flupsy_impacts_category_id_fkey;
ALTER TABLE IF EXISTS ONLY public.cycle_impacts DROP CONSTRAINT IF EXISTS cycle_impacts_category_id_fkey;
DROP INDEX IF EXISTS public.idx_operation_impact_defaults_operation_type;
DROP INDEX IF EXISTS public.idx_lot_mortality_records_lot_id;
DROP INDEX IF EXISTS public.idx_lot_mortality_records_date;
DROP INDEX IF EXISTS public.idx_lot_inventory_transactions_lot_id;
DROP INDEX IF EXISTS public.idx_lot_inventory_transactions_date;
ALTER TABLE IF EXISTS ONLY public.users DROP CONSTRAINT IF EXISTS users_username_key;
ALTER TABLE IF EXISTS ONLY public.users DROP CONSTRAINT IF EXISTS users_pkey;
ALTER TABLE IF EXISTS ONLY public.target_size_annotations DROP CONSTRAINT IF EXISTS target_size_annotations_pkey;
ALTER TABLE IF EXISTS ONLY public.sustainability_reports DROP CONSTRAINT IF EXISTS sustainability_reports_pkey;
ALTER TABLE IF EXISTS ONLY public.sustainability_goals DROP CONSTRAINT IF EXISTS sustainability_goals_pkey;
ALTER TABLE IF EXISTS ONLY public.sizes DROP CONSTRAINT IF EXISTS sizes_pkey;
ALTER TABLE IF EXISTS ONLY public.sizes DROP CONSTRAINT IF EXISTS sizes_code_unique;
ALTER TABLE IF EXISTS ONLY public.sgr DROP CONSTRAINT IF EXISTS sgr_pkey;
ALTER TABLE IF EXISTS ONLY public.sgr_monthly DROP CONSTRAINT IF EXISTS sgr_monthly_pkey;
ALTER TABLE IF EXISTS ONLY public.sgr_giornalieri DROP CONSTRAINT IF EXISTS sgr_giornalieri_pkey;
ALTER TABLE IF EXISTS ONLY public.selections DROP CONSTRAINT IF EXISTS selections_pkey;
ALTER TABLE IF EXISTS ONLY public.selection_source_baskets DROP CONSTRAINT IF EXISTS selection_source_baskets_pkey;
ALTER TABLE IF EXISTS ONLY public.selection_lot_references DROP CONSTRAINT IF EXISTS selection_lot_references_pkey;
ALTER TABLE IF EXISTS ONLY public.selection_destination_baskets DROP CONSTRAINT IF EXISTS selection_destination_baskets_pkey;
ALTER TABLE IF EXISTS ONLY public.selection_basket_history DROP CONSTRAINT IF EXISTS selection_basket_history_pkey;
ALTER TABLE IF EXISTS ONLY public.screening_source_baskets DROP CONSTRAINT IF EXISTS screening_source_baskets_pkey;
ALTER TABLE IF EXISTS ONLY public.screening_operations DROP CONSTRAINT IF EXISTS screening_operations_pkey;
ALTER TABLE IF EXISTS ONLY public.screening_lot_references DROP CONSTRAINT IF EXISTS screening_lot_references_pkey;
ALTER TABLE IF EXISTS ONLY public.screening_destination_baskets DROP CONSTRAINT IF EXISTS screening_destination_baskets_pkey;
ALTER TABLE IF EXISTS ONLY public.screening_basket_history DROP CONSTRAINT IF EXISTS screening_basket_history_pkey;
ALTER TABLE IF EXISTS ONLY public.operations DROP CONSTRAINT IF EXISTS operations_pkey;
ALTER TABLE IF EXISTS ONLY public.operation_impacts DROP CONSTRAINT IF EXISTS operation_impacts_pkey;
ALTER TABLE IF EXISTS ONLY public.operation_impact_defaults DROP CONSTRAINT IF EXISTS operation_impact_defaults_pkey;
ALTER TABLE IF EXISTS ONLY public.notifications DROP CONSTRAINT IF EXISTS notifications_pkey;
ALTER TABLE IF EXISTS ONLY public.notification_settings DROP CONSTRAINT IF EXISTS notification_settings_pkey;
ALTER TABLE IF EXISTS ONLY public.mortality_rates DROP CONSTRAINT IF EXISTS mortality_rates_pkey;
ALTER TABLE IF EXISTS ONLY public.lots DROP CONSTRAINT IF EXISTS lots_pkey;
ALTER TABLE IF EXISTS ONLY public.lot_mortality_records DROP CONSTRAINT IF EXISTS lot_mortality_records_pkey;
ALTER TABLE IF EXISTS ONLY public.lot_inventory_transactions DROP CONSTRAINT IF EXISTS lot_inventory_transactions_pkey;
ALTER TABLE IF EXISTS ONLY public.impact_factors DROP CONSTRAINT IF EXISTS impact_factors_pkey;
ALTER TABLE IF EXISTS ONLY public.impact_categories DROP CONSTRAINT IF EXISTS impact_categories_pkey;
ALTER TABLE IF EXISTS ONLY public.flupsys DROP CONSTRAINT IF EXISTS flupsys_pkey;
ALTER TABLE IF EXISTS ONLY public.flupsy_impacts DROP CONSTRAINT IF EXISTS flupsy_impacts_pkey;
ALTER TABLE IF EXISTS ONLY public.email_config DROP CONSTRAINT IF EXISTS email_config_pkey;
ALTER TABLE IF EXISTS ONLY public.email_config DROP CONSTRAINT IF EXISTS email_config_key_key;
ALTER TABLE IF EXISTS ONLY public.cycles DROP CONSTRAINT IF EXISTS cycles_pkey;
ALTER TABLE IF EXISTS ONLY public.cycle_impacts DROP CONSTRAINT IF EXISTS cycle_impacts_pkey;
ALTER TABLE IF EXISTS ONLY public.baskets DROP CONSTRAINT IF EXISTS baskets_pkey;
ALTER TABLE IF EXISTS ONLY public.basket_position_history DROP CONSTRAINT IF EXISTS basket_position_history_pkey;
ALTER TABLE IF EXISTS public.users ALTER COLUMN id DROP DEFAULT;
ALTER TABLE IF EXISTS public.target_size_annotations ALTER COLUMN id DROP DEFAULT;
ALTER TABLE IF EXISTS public.sustainability_reports ALTER COLUMN id DROP DEFAULT;
ALTER TABLE IF EXISTS public.sustainability_goals ALTER COLUMN id DROP DEFAULT;
ALTER TABLE IF EXISTS public.sizes ALTER COLUMN id DROP DEFAULT;
ALTER TABLE IF EXISTS public.sgr_monthly ALTER COLUMN id DROP DEFAULT;
ALTER TABLE IF EXISTS public.sgr_giornalieri ALTER COLUMN id DROP DEFAULT;
ALTER TABLE IF EXISTS public.sgr ALTER COLUMN id DROP DEFAULT;
ALTER TABLE IF EXISTS public.selections ALTER COLUMN id DROP DEFAULT;
ALTER TABLE IF EXISTS public.selection_source_baskets ALTER COLUMN id DROP DEFAULT;
ALTER TABLE IF EXISTS public.selection_lot_references ALTER COLUMN id DROP DEFAULT;
ALTER TABLE IF EXISTS public.selection_destination_baskets ALTER COLUMN id DROP DEFAULT;
ALTER TABLE IF EXISTS public.selection_basket_history ALTER COLUMN id DROP DEFAULT;
ALTER TABLE IF EXISTS public.screening_source_baskets ALTER COLUMN id DROP DEFAULT;
ALTER TABLE IF EXISTS public.screening_operations ALTER COLUMN id DROP DEFAULT;
ALTER TABLE IF EXISTS public.screening_lot_references ALTER COLUMN id DROP DEFAULT;
ALTER TABLE IF EXISTS public.screening_destination_baskets ALTER COLUMN id DROP DEFAULT;
ALTER TABLE IF EXISTS public.screening_basket_history ALTER COLUMN id DROP DEFAULT;
ALTER TABLE IF EXISTS public.operations ALTER COLUMN id DROP DEFAULT;
ALTER TABLE IF EXISTS public.operation_impacts ALTER COLUMN id DROP DEFAULT;
ALTER TABLE IF EXISTS public.operation_impact_defaults ALTER COLUMN id DROP DEFAULT;
ALTER TABLE IF EXISTS public.notifications ALTER COLUMN id DROP DEFAULT;
ALTER TABLE IF EXISTS public.notification_settings ALTER COLUMN id DROP DEFAULT;
ALTER TABLE IF EXISTS public.mortality_rates ALTER COLUMN id DROP DEFAULT;
ALTER TABLE IF EXISTS public.lots ALTER COLUMN id DROP DEFAULT;
ALTER TABLE IF EXISTS public.lot_mortality_records ALTER COLUMN id DROP DEFAULT;
ALTER TABLE IF EXISTS public.lot_inventory_transactions ALTER COLUMN id DROP DEFAULT;
ALTER TABLE IF EXISTS public.impact_factors ALTER COLUMN id DROP DEFAULT;
ALTER TABLE IF EXISTS public.impact_categories ALTER COLUMN id DROP DEFAULT;
ALTER TABLE IF EXISTS public.flupsys ALTER COLUMN id DROP DEFAULT;
ALTER TABLE IF EXISTS public.flupsy_impacts ALTER COLUMN id DROP DEFAULT;
ALTER TABLE IF EXISTS public.email_config ALTER COLUMN id DROP DEFAULT;
ALTER TABLE IF EXISTS public.cycles ALTER COLUMN id DROP DEFAULT;
ALTER TABLE IF EXISTS public.cycle_impacts ALTER COLUMN id DROP DEFAULT;
ALTER TABLE IF EXISTS public.baskets ALTER COLUMN id DROP DEFAULT;
ALTER TABLE IF EXISTS public.basket_position_history ALTER COLUMN id DROP DEFAULT;
DROP SEQUENCE IF EXISTS public.users_id_seq;
DROP TABLE IF EXISTS public.users;
DROP SEQUENCE IF EXISTS public.target_size_annotations_id_seq;
DROP TABLE IF EXISTS public.target_size_annotations;
DROP SEQUENCE IF EXISTS public.sustainability_reports_id_seq;
DROP TABLE IF EXISTS public.sustainability_reports;
DROP SEQUENCE IF EXISTS public.sustainability_goals_id_seq;
DROP TABLE IF EXISTS public.sustainability_goals;
DROP SEQUENCE IF EXISTS public.sizes_id_seq;
DROP TABLE IF EXISTS public.sizes;
DROP SEQUENCE IF EXISTS public.sgr_monthly_id_seq;
DROP TABLE IF EXISTS public.sgr_monthly;
DROP SEQUENCE IF EXISTS public.sgr_id_seq;
DROP SEQUENCE IF EXISTS public.sgr_giornalieri_id_seq;
DROP TABLE IF EXISTS public.sgr_giornalieri;
DROP TABLE IF EXISTS public.sgr;
DROP SEQUENCE IF EXISTS public.selections_id_seq;
DROP TABLE IF EXISTS public.selections;
DROP SEQUENCE IF EXISTS public.selection_source_baskets_id_seq;
DROP TABLE IF EXISTS public.selection_source_baskets;
DROP SEQUENCE IF EXISTS public.selection_lot_references_id_seq;
DROP TABLE IF EXISTS public.selection_lot_references;
DROP SEQUENCE IF EXISTS public.selection_destination_baskets_id_seq;
DROP TABLE IF EXISTS public.selection_destination_baskets;
DROP SEQUENCE IF EXISTS public.selection_basket_history_id_seq;
DROP TABLE IF EXISTS public.selection_basket_history;
DROP SEQUENCE IF EXISTS public.screening_source_baskets_id_seq;
DROP TABLE IF EXISTS public.screening_source_baskets;
DROP SEQUENCE IF EXISTS public.screening_operations_id_seq;
DROP TABLE IF EXISTS public.screening_operations;
DROP SEQUENCE IF EXISTS public.screening_lot_references_id_seq;
DROP TABLE IF EXISTS public.screening_lot_references;
DROP SEQUENCE IF EXISTS public.screening_destination_baskets_id_seq;
DROP TABLE IF EXISTS public.screening_destination_baskets;
DROP SEQUENCE IF EXISTS public.screening_basket_history_id_seq;
DROP TABLE IF EXISTS public.screening_basket_history;
DROP SEQUENCE IF EXISTS public.operations_id_seq;
DROP TABLE IF EXISTS public.operations;
DROP SEQUENCE IF EXISTS public.operation_impacts_id_seq;
DROP TABLE IF EXISTS public.operation_impacts;
DROP SEQUENCE IF EXISTS public.operation_impact_defaults_id_seq;
DROP TABLE IF EXISTS public.operation_impact_defaults;
DROP SEQUENCE IF EXISTS public.notifications_id_seq;
DROP TABLE IF EXISTS public.notifications;
DROP SEQUENCE IF EXISTS public.notification_settings_id_seq;
DROP TABLE IF EXISTS public.notification_settings;
DROP SEQUENCE IF EXISTS public.mortality_rates_id_seq;
DROP TABLE IF EXISTS public.mortality_rates;
DROP SEQUENCE IF EXISTS public.lots_id_seq;
DROP TABLE IF EXISTS public.lots;
DROP SEQUENCE IF EXISTS public.lot_mortality_records_id_seq;
DROP TABLE IF EXISTS public.lot_mortality_records;
DROP SEQUENCE IF EXISTS public.lot_inventory_transactions_id_seq;
DROP TABLE IF EXISTS public.lot_inventory_transactions;
DROP SEQUENCE IF EXISTS public.impact_factors_id_seq;
DROP TABLE IF EXISTS public.impact_factors;
DROP SEQUENCE IF EXISTS public.impact_categories_id_seq;
DROP TABLE IF EXISTS public.impact_categories;
DROP SEQUENCE IF EXISTS public.flupsys_id_seq;
DROP TABLE IF EXISTS public.flupsys;
DROP SEQUENCE IF EXISTS public.flupsy_impacts_id_seq;
DROP TABLE IF EXISTS public.flupsy_impacts;
DROP SEQUENCE IF EXISTS public.email_config_id_seq;
DROP TABLE IF EXISTS public.email_config;
DROP SEQUENCE IF EXISTS public.cycles_id_seq;
DROP TABLE IF EXISTS public.cycles;
DROP SEQUENCE IF EXISTS public.cycle_impacts_id_seq;
DROP TABLE IF EXISTS public.cycle_impacts;
DROP SEQUENCE IF EXISTS public.baskets_id_seq;
DROP TABLE IF EXISTS public.baskets;
DROP SEQUENCE IF EXISTS public.basket_position_history_id_seq;
DROP TABLE IF EXISTS public.basket_position_history;
DROP TYPE IF EXISTS public.operation_type;
DROP TYPE IF EXISTS public.goal_status;
DROP SCHEMA IF EXISTS public;
--
-- TOC entry 7 (class 2615 OID 246165)
-- Name: public; Type: SCHEMA; Schema: -; Owner: -
--

CREATE SCHEMA public;


--
-- TOC entry 994 (class 1247 OID 385025)
-- Name: goal_status; Type: TYPE; Schema: public; Owner: -
--

CREATE TYPE public.goal_status AS ENUM (
    'planned',
    'in-progress',
    'completed',
    'cancelled'
);


--
-- TOC entry 1018 (class 1247 OID 393217)
-- Name: operation_type; Type: TYPE; Schema: public; Owner: -
--

CREATE TYPE public.operation_type AS ENUM (
    'prima-attivazione',
    'pulizia',
    'vagliatura',
    'trattamento',
    'misura',
    'vendita',
    'selezione-vendita',
    'cessazione',
    'peso',
    'selezione-origine',
    'trasporto-corto',
    'trasporto-medio',
    'trasporto-lungo',
    'custom'
);


SET default_table_access_method = heap;

--
-- TOC entry 217 (class 1259 OID 246166)
-- Name: basket_position_history; Type: TABLE; Schema: public; Owner: -
--

CREATE TABLE public.basket_position_history (
    id integer NOT NULL,
    basket_id integer NOT NULL,
    flupsy_id integer NOT NULL,
    "row" text NOT NULL,
    "position" integer NOT NULL,
    start_date date NOT NULL,
    end_date date,
    operation_id integer
);


--
-- TOC entry 218 (class 1259 OID 246171)
-- Name: basket_position_history_id_seq; Type: SEQUENCE; Schema: public; Owner: -
--

CREATE SEQUENCE public.basket_position_history_id_seq
    AS integer
    START WITH 1
    INCREMENT BY 1
    NO MINVALUE
    NO MAXVALUE
    CACHE 1;


--
-- TOC entry 3753 (class 0 OID 0)
-- Dependencies: 218
-- Name: basket_position_history_id_seq; Type: SEQUENCE OWNED BY; Schema: public; Owner: -
--

ALTER SEQUENCE public.basket_position_history_id_seq OWNED BY public.basket_position_history.id;


--
-- TOC entry 219 (class 1259 OID 246172)
-- Name: baskets; Type: TABLE; Schema: public; Owner: -
--

CREATE TABLE public.baskets (
    id integer NOT NULL,
    physical_number integer NOT NULL,
    state text DEFAULT 'available'::text NOT NULL,
    current_cycle_id integer,
    nfc_data text,
    flupsy_id integer NOT NULL,
    "row" text,
    "position" integer,
    cycle_code text
);


--
-- TOC entry 220 (class 1259 OID 246178)
-- Name: baskets_id_seq; Type: SEQUENCE; Schema: public; Owner: -
--

CREATE SEQUENCE public.baskets_id_seq
    AS integer
    START WITH 1
    INCREMENT BY 1
    NO MINVALUE
    NO MAXVALUE
    CACHE 1;


--
-- TOC entry 3754 (class 0 OID 0)
-- Dependencies: 220
-- Name: baskets_id_seq; Type: SEQUENCE OWNED BY; Schema: public; Owner: -
--

ALTER SEQUENCE public.baskets_id_seq OWNED BY public.baskets.id;


--
-- TOC entry 280 (class 1259 OID 385089)
-- Name: cycle_impacts; Type: TABLE; Schema: public; Owner: -
--

CREATE TABLE public.cycle_impacts (
    id integer NOT NULL,
    cycle_id integer NOT NULL,
    category_id integer NOT NULL,
    impact_value numeric(10,4) NOT NULL,
    metadata jsonb,
    created_at timestamp with time zone DEFAULT CURRENT_TIMESTAMP,
    updated_at timestamp with time zone
);


--
-- TOC entry 279 (class 1259 OID 385088)
-- Name: cycle_impacts_id_seq; Type: SEQUENCE; Schema: public; Owner: -
--

CREATE SEQUENCE public.cycle_impacts_id_seq
    AS integer
    START WITH 1
    INCREMENT BY 1
    NO MINVALUE
    NO MAXVALUE
    CACHE 1;


--
-- TOC entry 3755 (class 0 OID 0)
-- Dependencies: 279
-- Name: cycle_impacts_id_seq; Type: SEQUENCE OWNED BY; Schema: public; Owner: -
--

ALTER SEQUENCE public.cycle_impacts_id_seq OWNED BY public.cycle_impacts.id;


--
-- TOC entry 221 (class 1259 OID 246179)
-- Name: cycles; Type: TABLE; Schema: public; Owner: -
--

CREATE TABLE public.cycles (
    id integer NOT NULL,
    basket_id integer NOT NULL,
    start_date date NOT NULL,
    end_date date,
    state text DEFAULT 'active'::text NOT NULL
);


--
-- TOC entry 222 (class 1259 OID 246185)
-- Name: cycles_id_seq; Type: SEQUENCE; Schema: public; Owner: -
--

CREATE SEQUENCE public.cycles_id_seq
    AS integer
    START WITH 1
    INCREMENT BY 1
    NO MINVALUE
    NO MAXVALUE
    CACHE 1;


--
-- TOC entry 3756 (class 0 OID 0)
-- Dependencies: 222
-- Name: cycles_id_seq; Type: SEQUENCE OWNED BY; Schema: public; Owner: -
--

ALTER SEQUENCE public.cycles_id_seq OWNED BY public.cycles.id;


--
-- TOC entry 260 (class 1259 OID 327681)
-- Name: email_config; Type: TABLE; Schema: public; Owner: -
--

CREATE TABLE public.email_config (
    id integer NOT NULL,
    key character varying(50) NOT NULL,
    value text,
    created_at timestamp without time zone DEFAULT now() NOT NULL,
    updated_at timestamp without time zone
);


--
-- TOC entry 259 (class 1259 OID 327680)
-- Name: email_config_id_seq; Type: SEQUENCE; Schema: public; Owner: -
--

CREATE SEQUENCE public.email_config_id_seq
    AS integer
    START WITH 1
    INCREMENT BY 1
    NO MINVALUE
    NO MAXVALUE
    CACHE 1;


--
-- TOC entry 3757 (class 0 OID 0)
-- Dependencies: 259
-- Name: email_config_id_seq; Type: SEQUENCE OWNED BY; Schema: public; Owner: -
--

ALTER SEQUENCE public.email_config_id_seq OWNED BY public.email_config.id;


--
-- TOC entry 278 (class 1259 OID 385074)
-- Name: flupsy_impacts; Type: TABLE; Schema: public; Owner: -
--

CREATE TABLE public.flupsy_impacts (
    id integer NOT NULL,
    flupsy_id integer NOT NULL,
    category_id integer NOT NULL,
    impact_value numeric(10,4) NOT NULL,
    time_period character varying(20) NOT NULL,
    start_date timestamp with time zone,
    end_date timestamp with time zone,
    metadata jsonb,
    created_at timestamp with time zone DEFAULT CURRENT_TIMESTAMP,
    updated_at timestamp with time zone
);


--
-- TOC entry 277 (class 1259 OID 385073)
-- Name: flupsy_impacts_id_seq; Type: SEQUENCE; Schema: public; Owner: -
--

CREATE SEQUENCE public.flupsy_impacts_id_seq
    AS integer
    START WITH 1
    INCREMENT BY 1
    NO MINVALUE
    NO MAXVALUE
    CACHE 1;


--
-- TOC entry 3758 (class 0 OID 0)
-- Dependencies: 277
-- Name: flupsy_impacts_id_seq; Type: SEQUENCE OWNED BY; Schema: public; Owner: -
--

ALTER SEQUENCE public.flupsy_impacts_id_seq OWNED BY public.flupsy_impacts.id;


--
-- TOC entry 223 (class 1259 OID 246186)
-- Name: flupsys; Type: TABLE; Schema: public; Owner: -
--

CREATE TABLE public.flupsys (
    id integer NOT NULL,
    name text NOT NULL,
    location text,
    description text,
    active boolean DEFAULT true NOT NULL,
    max_positions integer DEFAULT 10 NOT NULL,
    production_center text
);


--
-- TOC entry 224 (class 1259 OID 246192)
-- Name: flupsys_id_seq; Type: SEQUENCE; Schema: public; Owner: -
--

CREATE SEQUENCE public.flupsys_id_seq
    AS integer
    START WITH 1
    INCREMENT BY 1
    NO MINVALUE
    NO MAXVALUE
    CACHE 1;


--
-- TOC entry 3759 (class 0 OID 0)
-- Dependencies: 224
-- Name: flupsys_id_seq; Type: SEQUENCE OWNED BY; Schema: public; Owner: -
--

ALTER SEQUENCE public.flupsys_id_seq OWNED BY public.flupsys.id;


--
-- TOC entry 272 (class 1259 OID 385034)
-- Name: impact_categories; Type: TABLE; Schema: public; Owner: -
--

CREATE TABLE public.impact_categories (
    id integer NOT NULL,
    name character varying(100) NOT NULL,
    description text,
    icon character varying(50),
    color character varying(20),
    unit character varying(20) NOT NULL,
    created_at timestamp with time zone DEFAULT CURRENT_TIMESTAMP,
    updated_at timestamp with time zone
);


--
-- TOC entry 271 (class 1259 OID 385033)
-- Name: impact_categories_id_seq; Type: SEQUENCE; Schema: public; Owner: -
--

CREATE SEQUENCE public.impact_categories_id_seq
    AS integer
    START WITH 1
    INCREMENT BY 1
    NO MINVALUE
    NO MAXVALUE
    CACHE 1;


--
-- TOC entry 3760 (class 0 OID 0)
-- Dependencies: 271
-- Name: impact_categories_id_seq; Type: SEQUENCE OWNED BY; Schema: public; Owner: -
--

ALTER SEQUENCE public.impact_categories_id_seq OWNED BY public.impact_categories.id;


--
-- TOC entry 274 (class 1259 OID 385044)
-- Name: impact_factors; Type: TABLE; Schema: public; Owner: -
--

CREATE TABLE public.impact_factors (
    id integer NOT NULL,
    category_id integer NOT NULL,
    operation_type character varying(50),
    factor_value numeric(10,4) NOT NULL,
    unit character varying(20) NOT NULL,
    description text,
    metadata jsonb,
    created_at timestamp with time zone DEFAULT CURRENT_TIMESTAMP,
    updated_at timestamp with time zone
);


--
-- TOC entry 273 (class 1259 OID 385043)
-- Name: impact_factors_id_seq; Type: SEQUENCE; Schema: public; Owner: -
--

CREATE SEQUENCE public.impact_factors_id_seq
    AS integer
    START WITH 1
    INCREMENT BY 1
    NO MINVALUE
    NO MAXVALUE
    CACHE 1;


--
-- TOC entry 3761 (class 0 OID 0)
-- Dependencies: 273
-- Name: impact_factors_id_seq; Type: SEQUENCE OWNED BY; Schema: public; Owner: -
--

ALTER SEQUENCE public.impact_factors_id_seq OWNED BY public.impact_factors.id;


--
-- TOC entry 268 (class 1259 OID 368641)
-- Name: lot_inventory_transactions; Type: TABLE; Schema: public; Owner: -
--

CREATE TABLE public.lot_inventory_transactions (
    id integer NOT NULL,
    lot_id integer NOT NULL,
    transaction_type character varying(50) NOT NULL,
    date timestamp with time zone DEFAULT now() NOT NULL,
    animal_count integer NOT NULL,
    notes text,
    operation_id integer,
    created_at timestamp with time zone DEFAULT now() NOT NULL,
    basket_id integer,
    selection_id integer,
    screening_id integer,
    metadata jsonb,
    created_by integer
);


--
-- TOC entry 267 (class 1259 OID 368640)
-- Name: lot_inventory_transactions_id_seq; Type: SEQUENCE; Schema: public; Owner: -
--

CREATE SEQUENCE public.lot_inventory_transactions_id_seq
    AS integer
    START WITH 1
    INCREMENT BY 1
    NO MINVALUE
    NO MAXVALUE
    CACHE 1;


--
-- TOC entry 3762 (class 0 OID 0)
-- Dependencies: 267
-- Name: lot_inventory_transactions_id_seq; Type: SEQUENCE OWNED BY; Schema: public; Owner: -
--

ALTER SEQUENCE public.lot_inventory_transactions_id_seq OWNED BY public.lot_inventory_transactions.id;


--
-- TOC entry 270 (class 1259 OID 368662)
-- Name: lot_mortality_records; Type: TABLE; Schema: public; Owner: -
--

CREATE TABLE public.lot_mortality_records (
    id integer NOT NULL,
    lot_id integer NOT NULL,
    calculation_date timestamp with time zone DEFAULT now() NOT NULL,
    initial_count integer NOT NULL,
    current_count integer NOT NULL,
    sold_count integer NOT NULL,
    mortality_count integer NOT NULL,
    mortality_percentage numeric(10,2) NOT NULL,
    notes text,
    created_at timestamp with time zone DEFAULT now() NOT NULL
);


--
-- TOC entry 269 (class 1259 OID 368661)
-- Name: lot_mortality_records_id_seq; Type: SEQUENCE; Schema: public; Owner: -
--

CREATE SEQUENCE public.lot_mortality_records_id_seq
    AS integer
    START WITH 1
    INCREMENT BY 1
    NO MINVALUE
    NO MAXVALUE
    CACHE 1;


--
-- TOC entry 3763 (class 0 OID 0)
-- Dependencies: 269
-- Name: lot_mortality_records_id_seq; Type: SEQUENCE OWNED BY; Schema: public; Owner: -
--

ALTER SEQUENCE public.lot_mortality_records_id_seq OWNED BY public.lot_mortality_records.id;


--
-- TOC entry 225 (class 1259 OID 246193)
-- Name: lots; Type: TABLE; Schema: public; Owner: -
--

CREATE TABLE public.lots (
    id integer NOT NULL,
    arrival_date date NOT NULL,
    supplier text NOT NULL,
    quality text,
    animal_count integer,
    weight real,
    size_id integer,
    notes text,
    state text DEFAULT 'active'::text NOT NULL,
    supplier_lot_number text
);


--
-- TOC entry 226 (class 1259 OID 246199)
-- Name: lots_id_seq; Type: SEQUENCE; Schema: public; Owner: -
--

CREATE SEQUENCE public.lots_id_seq
    AS integer
    START WITH 1
    INCREMENT BY 1
    NO MINVALUE
    NO MAXVALUE
    CACHE 1;


--
-- TOC entry 3764 (class 0 OID 0)
-- Dependencies: 226
-- Name: lots_id_seq; Type: SEQUENCE OWNED BY; Schema: public; Owner: -
--

ALTER SEQUENCE public.lots_id_seq OWNED BY public.lots.id;


--
-- TOC entry 227 (class 1259 OID 246200)
-- Name: mortality_rates; Type: TABLE; Schema: public; Owner: -
--

CREATE TABLE public.mortality_rates (
    id integer NOT NULL,
    size_id integer NOT NULL,
    month text NOT NULL,
    percentage real NOT NULL,
    notes text
);


--
-- TOC entry 228 (class 1259 OID 246205)
-- Name: mortality_rates_id_seq; Type: SEQUENCE; Schema: public; Owner: -
--

CREATE SEQUENCE public.mortality_rates_id_seq
    AS integer
    START WITH 1
    INCREMENT BY 1
    NO MINVALUE
    NO MAXVALUE
    CACHE 1;


--
-- TOC entry 3765 (class 0 OID 0)
-- Dependencies: 228
-- Name: mortality_rates_id_seq; Type: SEQUENCE OWNED BY; Schema: public; Owner: -
--

ALTER SEQUENCE public.mortality_rates_id_seq OWNED BY public.mortality_rates.id;


--
-- TOC entry 264 (class 1259 OID 344065)
-- Name: notification_settings; Type: TABLE; Schema: public; Owner: -
--

CREATE TABLE public.notification_settings (
    id integer NOT NULL,
    notification_type text NOT NULL,
    is_enabled boolean DEFAULT true NOT NULL,
    created_at timestamp without time zone DEFAULT now() NOT NULL,
    updated_at timestamp without time zone
);


--
-- TOC entry 263 (class 1259 OID 344064)
-- Name: notification_settings_id_seq; Type: SEQUENCE; Schema: public; Owner: -
--

CREATE SEQUENCE public.notification_settings_id_seq
    AS integer
    START WITH 1
    INCREMENT BY 1
    NO MINVALUE
    NO MAXVALUE
    CACHE 1;


--
-- TOC entry 3766 (class 0 OID 0)
-- Dependencies: 263
-- Name: notification_settings_id_seq; Type: SEQUENCE OWNED BY; Schema: public; Owner: -
--

ALTER SEQUENCE public.notification_settings_id_seq OWNED BY public.notification_settings.id;


--
-- TOC entry 262 (class 1259 OID 335873)
-- Name: notifications; Type: TABLE; Schema: public; Owner: -
--

CREATE TABLE public.notifications (
    id integer NOT NULL,
    type text NOT NULL,
    title text NOT NULL,
    message text NOT NULL,
    is_read boolean DEFAULT false NOT NULL,
    created_at timestamp without time zone DEFAULT now() NOT NULL,
    related_entity_type text,
    related_entity_id integer,
    data text
);


--
-- TOC entry 261 (class 1259 OID 335872)
-- Name: notifications_id_seq; Type: SEQUENCE; Schema: public; Owner: -
--

CREATE SEQUENCE public.notifications_id_seq
    AS integer
    START WITH 1
    INCREMENT BY 1
    NO MINVALUE
    NO MAXVALUE
    CACHE 1;


--
-- TOC entry 3767 (class 0 OID 0)
-- Dependencies: 261
-- Name: notifications_id_seq; Type: SEQUENCE OWNED BY; Schema: public; Owner: -
--

ALTER SEQUENCE public.notifications_id_seq OWNED BY public.notifications.id;


--
-- TOC entry 286 (class 1259 OID 393238)
-- Name: operation_impact_defaults; Type: TABLE; Schema: public; Owner: -
--

CREATE TABLE public.operation_impact_defaults (
    id integer NOT NULL,
    operation_type public.operation_type NOT NULL,
    water real NOT NULL,
    carbon real NOT NULL,
    energy real NOT NULL,
    waste real NOT NULL,
    biodiversity real NOT NULL,
    created_at timestamp with time zone DEFAULT CURRENT_TIMESTAMP NOT NULL,
    updated_at timestamp with time zone,
    custom_name text
);


--
-- TOC entry 285 (class 1259 OID 393237)
-- Name: operation_impact_defaults_id_seq; Type: SEQUENCE; Schema: public; Owner: -
--

CREATE SEQUENCE public.operation_impact_defaults_id_seq
    AS integer
    START WITH 1
    INCREMENT BY 1
    NO MINVALUE
    NO MAXVALUE
    CACHE 1;


--
-- TOC entry 3768 (class 0 OID 0)
-- Dependencies: 285
-- Name: operation_impact_defaults_id_seq; Type: SEQUENCE OWNED BY; Schema: public; Owner: -
--

ALTER SEQUENCE public.operation_impact_defaults_id_seq OWNED BY public.operation_impact_defaults.id;


--
-- TOC entry 276 (class 1259 OID 385059)
-- Name: operation_impacts; Type: TABLE; Schema: public; Owner: -
--

CREATE TABLE public.operation_impacts (
    id integer NOT NULL,
    operation_id integer NOT NULL,
    category_id integer NOT NULL,
    impact_value numeric(10,4) NOT NULL,
    baseline_value numeric(10,4),
    improvement_percentage numeric(5,2),
    metadata jsonb,
    created_at timestamp with time zone DEFAULT CURRENT_TIMESTAMP,
    updated_at timestamp with time zone
);


--
-- TOC entry 275 (class 1259 OID 385058)
-- Name: operation_impacts_id_seq; Type: SEQUENCE; Schema: public; Owner: -
--

CREATE SEQUENCE public.operation_impacts_id_seq
    AS integer
    START WITH 1
    INCREMENT BY 1
    NO MINVALUE
    NO MAXVALUE
    CACHE 1;


--
-- TOC entry 3769 (class 0 OID 0)
-- Dependencies: 275
-- Name: operation_impacts_id_seq; Type: SEQUENCE OWNED BY; Schema: public; Owner: -
--

ALTER SEQUENCE public.operation_impacts_id_seq OWNED BY public.operation_impacts.id;


--
-- TOC entry 229 (class 1259 OID 246206)
-- Name: operations; Type: TABLE; Schema: public; Owner: -
--

CREATE TABLE public.operations (
    id integer NOT NULL,
    date date NOT NULL,
    type text NOT NULL,
    basket_id integer NOT NULL,
    cycle_id integer NOT NULL,
    size_id integer,
    sgr_id integer,
    lot_id integer,
    animal_count integer,
    total_weight real,
    animals_per_kg integer,
    average_weight real,
    notes text,
    dead_count integer,
    mortality_rate real
);


--
-- TOC entry 230 (class 1259 OID 246211)
-- Name: operations_id_seq; Type: SEQUENCE; Schema: public; Owner: -
--

CREATE SEQUENCE public.operations_id_seq
    AS integer
    START WITH 1
    INCREMENT BY 1
    NO MINVALUE
    NO MAXVALUE
    CACHE 1;


--
-- TOC entry 3770 (class 0 OID 0)
-- Dependencies: 230
-- Name: operations_id_seq; Type: SEQUENCE OWNED BY; Schema: public; Owner: -
--

ALTER SEQUENCE public.operations_id_seq OWNED BY public.operations.id;


--
-- TOC entry 231 (class 1259 OID 246212)
-- Name: screening_basket_history; Type: TABLE; Schema: public; Owner: -
--

CREATE TABLE public.screening_basket_history (
    id integer NOT NULL,
    screening_id integer NOT NULL,
    source_basket_id integer NOT NULL,
    source_cycle_id integer NOT NULL,
    destination_basket_id integer NOT NULL,
    destination_cycle_id integer NOT NULL,
    created_at timestamp without time zone DEFAULT now() NOT NULL
);


--
-- TOC entry 232 (class 1259 OID 246216)
-- Name: screening_basket_history_id_seq; Type: SEQUENCE; Schema: public; Owner: -
--

CREATE SEQUENCE public.screening_basket_history_id_seq
    AS integer
    START WITH 1
    INCREMENT BY 1
    NO MINVALUE
    NO MAXVALUE
    CACHE 1;


--
-- TOC entry 3771 (class 0 OID 0)
-- Dependencies: 232
-- Name: screening_basket_history_id_seq; Type: SEQUENCE OWNED BY; Schema: public; Owner: -
--

ALTER SEQUENCE public.screening_basket_history_id_seq OWNED BY public.screening_basket_history.id;


--
-- TOC entry 233 (class 1259 OID 246217)
-- Name: screening_destination_baskets; Type: TABLE; Schema: public; Owner: -
--

CREATE TABLE public.screening_destination_baskets (
    id integer NOT NULL,
    screening_id integer NOT NULL,
    basket_id integer NOT NULL,
    cycle_id integer,
    category text NOT NULL,
    flupsy_id integer,
    "row" text,
    "position" integer,
    position_assigned boolean DEFAULT false NOT NULL,
    animal_count integer,
    live_animals integer,
    total_weight real,
    animals_per_kg integer,
    dead_count integer,
    mortality_rate real,
    notes text,
    created_at timestamp without time zone DEFAULT now() NOT NULL,
    updated_at timestamp without time zone
);


--
-- TOC entry 234 (class 1259 OID 246224)
-- Name: screening_destination_baskets_id_seq; Type: SEQUENCE; Schema: public; Owner: -
--

CREATE SEQUENCE public.screening_destination_baskets_id_seq
    AS integer
    START WITH 1
    INCREMENT BY 1
    NO MINVALUE
    NO MAXVALUE
    CACHE 1;


--
-- TOC entry 3772 (class 0 OID 0)
-- Dependencies: 234
-- Name: screening_destination_baskets_id_seq; Type: SEQUENCE OWNED BY; Schema: public; Owner: -
--

ALTER SEQUENCE public.screening_destination_baskets_id_seq OWNED BY public.screening_destination_baskets.id;


--
-- TOC entry 235 (class 1259 OID 246225)
-- Name: screening_lot_references; Type: TABLE; Schema: public; Owner: -
--

CREATE TABLE public.screening_lot_references (
    id integer NOT NULL,
    screening_id integer NOT NULL,
    destination_basket_id integer NOT NULL,
    destination_cycle_id integer NOT NULL,
    lot_id integer NOT NULL,
    created_at timestamp without time zone DEFAULT now() NOT NULL
);


--
-- TOC entry 236 (class 1259 OID 246229)
-- Name: screening_lot_references_id_seq; Type: SEQUENCE; Schema: public; Owner: -
--

CREATE SEQUENCE public.screening_lot_references_id_seq
    AS integer
    START WITH 1
    INCREMENT BY 1
    NO MINVALUE
    NO MAXVALUE
    CACHE 1;


--
-- TOC entry 3773 (class 0 OID 0)
-- Dependencies: 236
-- Name: screening_lot_references_id_seq; Type: SEQUENCE OWNED BY; Schema: public; Owner: -
--

ALTER SEQUENCE public.screening_lot_references_id_seq OWNED BY public.screening_lot_references.id;


--
-- TOC entry 237 (class 1259 OID 246230)
-- Name: screening_operations; Type: TABLE; Schema: public; Owner: -
--

CREATE TABLE public.screening_operations (
    id integer NOT NULL,
    date date NOT NULL,
    screening_number integer NOT NULL,
    purpose text,
    reference_size_id integer NOT NULL,
    status text DEFAULT 'draft'::text NOT NULL,
    created_at timestamp without time zone DEFAULT now() NOT NULL,
    updated_at timestamp without time zone,
    notes text
);


--
-- TOC entry 238 (class 1259 OID 246237)
-- Name: screening_operations_id_seq; Type: SEQUENCE; Schema: public; Owner: -
--

CREATE SEQUENCE public.screening_operations_id_seq
    AS integer
    START WITH 1
    INCREMENT BY 1
    NO MINVALUE
    NO MAXVALUE
    CACHE 1;


--
-- TOC entry 3774 (class 0 OID 0)
-- Dependencies: 238
-- Name: screening_operations_id_seq; Type: SEQUENCE OWNED BY; Schema: public; Owner: -
--

ALTER SEQUENCE public.screening_operations_id_seq OWNED BY public.screening_operations.id;


--
-- TOC entry 239 (class 1259 OID 246238)
-- Name: screening_source_baskets; Type: TABLE; Schema: public; Owner: -
--

CREATE TABLE public.screening_source_baskets (
    id integer NOT NULL,
    screening_id integer NOT NULL,
    basket_id integer NOT NULL,
    cycle_id integer NOT NULL,
    dismissed boolean DEFAULT false NOT NULL,
    position_released boolean DEFAULT false NOT NULL,
    animal_count integer,
    total_weight real,
    animals_per_kg integer,
    size_id integer,
    lot_id integer,
    created_at timestamp without time zone DEFAULT now() NOT NULL
);


--
-- TOC entry 240 (class 1259 OID 246244)
-- Name: screening_source_baskets_id_seq; Type: SEQUENCE; Schema: public; Owner: -
--

CREATE SEQUENCE public.screening_source_baskets_id_seq
    AS integer
    START WITH 1
    INCREMENT BY 1
    NO MINVALUE
    NO MAXVALUE
    CACHE 1;


--
-- TOC entry 3775 (class 0 OID 0)
-- Dependencies: 240
-- Name: screening_source_baskets_id_seq; Type: SEQUENCE OWNED BY; Schema: public; Owner: -
--

ALTER SEQUENCE public.screening_source_baskets_id_seq OWNED BY public.screening_source_baskets.id;


--
-- TOC entry 241 (class 1259 OID 246245)
-- Name: selection_basket_history; Type: TABLE; Schema: public; Owner: -
--

CREATE TABLE public.selection_basket_history (
    id integer NOT NULL,
    selection_id integer NOT NULL,
    source_basket_id integer NOT NULL,
    source_cycle_id integer NOT NULL,
    destination_basket_id integer NOT NULL,
    destination_cycle_id integer NOT NULL,
    created_at timestamp without time zone DEFAULT now() NOT NULL
);


--
-- TOC entry 242 (class 1259 OID 246249)
-- Name: selection_basket_history_id_seq; Type: SEQUENCE; Schema: public; Owner: -
--

CREATE SEQUENCE public.selection_basket_history_id_seq
    AS integer
    START WITH 1
    INCREMENT BY 1
    NO MINVALUE
    NO MAXVALUE
    CACHE 1;


--
-- TOC entry 3776 (class 0 OID 0)
-- Dependencies: 242
-- Name: selection_basket_history_id_seq; Type: SEQUENCE OWNED BY; Schema: public; Owner: -
--

ALTER SEQUENCE public.selection_basket_history_id_seq OWNED BY public.selection_basket_history.id;


--
-- TOC entry 243 (class 1259 OID 246250)
-- Name: selection_destination_baskets; Type: TABLE; Schema: public; Owner: -
--

CREATE TABLE public.selection_destination_baskets (
    id integer NOT NULL,
    selection_id integer NOT NULL,
    basket_id integer NOT NULL,
    cycle_id integer,
    destination_type text NOT NULL,
    flupsy_id integer,
    "position" text,
    animal_count integer,
    live_animals integer,
    total_weight real,
    animals_per_kg integer,
    size_id integer,
    dead_count integer,
    mortality_rate real,
    sample_weight real,
    sample_count integer,
    notes text,
    created_at timestamp without time zone DEFAULT now() NOT NULL,
    updated_at timestamp without time zone
);


--
-- TOC entry 244 (class 1259 OID 246256)
-- Name: selection_destination_baskets_id_seq; Type: SEQUENCE; Schema: public; Owner: -
--

CREATE SEQUENCE public.selection_destination_baskets_id_seq
    AS integer
    START WITH 1
    INCREMENT BY 1
    NO MINVALUE
    NO MAXVALUE
    CACHE 1;


--
-- TOC entry 3777 (class 0 OID 0)
-- Dependencies: 244
-- Name: selection_destination_baskets_id_seq; Type: SEQUENCE OWNED BY; Schema: public; Owner: -
--

ALTER SEQUENCE public.selection_destination_baskets_id_seq OWNED BY public.selection_destination_baskets.id;


--
-- TOC entry 245 (class 1259 OID 246257)
-- Name: selection_lot_references; Type: TABLE; Schema: public; Owner: -
--

CREATE TABLE public.selection_lot_references (
    id integer NOT NULL,
    selection_id integer NOT NULL,
    destination_basket_id integer NOT NULL,
    destination_cycle_id integer NOT NULL,
    lot_id integer NOT NULL,
    created_at timestamp without time zone DEFAULT now() NOT NULL
);


--
-- TOC entry 246 (class 1259 OID 246261)
-- Name: selection_lot_references_id_seq; Type: SEQUENCE; Schema: public; Owner: -
--

CREATE SEQUENCE public.selection_lot_references_id_seq
    AS integer
    START WITH 1
    INCREMENT BY 1
    NO MINVALUE
    NO MAXVALUE
    CACHE 1;


--
-- TOC entry 3778 (class 0 OID 0)
-- Dependencies: 246
-- Name: selection_lot_references_id_seq; Type: SEQUENCE OWNED BY; Schema: public; Owner: -
--

ALTER SEQUENCE public.selection_lot_references_id_seq OWNED BY public.selection_lot_references.id;


--
-- TOC entry 247 (class 1259 OID 246262)
-- Name: selection_source_baskets; Type: TABLE; Schema: public; Owner: -
--

CREATE TABLE public.selection_source_baskets (
    id integer NOT NULL,
    selection_id integer NOT NULL,
    basket_id integer NOT NULL,
    cycle_id integer NOT NULL,
    animal_count integer,
    total_weight real,
    animals_per_kg integer,
    size_id integer,
    lot_id integer,
    created_at timestamp without time zone DEFAULT now() NOT NULL
);


--
-- TOC entry 248 (class 1259 OID 246266)
-- Name: selection_source_baskets_id_seq; Type: SEQUENCE; Schema: public; Owner: -
--

CREATE SEQUENCE public.selection_source_baskets_id_seq
    AS integer
    START WITH 1
    INCREMENT BY 1
    NO MINVALUE
    NO MAXVALUE
    CACHE 1;


--
-- TOC entry 3779 (class 0 OID 0)
-- Dependencies: 248
-- Name: selection_source_baskets_id_seq; Type: SEQUENCE OWNED BY; Schema: public; Owner: -
--

ALTER SEQUENCE public.selection_source_baskets_id_seq OWNED BY public.selection_source_baskets.id;


--
-- TOC entry 249 (class 1259 OID 246267)
-- Name: selections; Type: TABLE; Schema: public; Owner: -
--

CREATE TABLE public.selections (
    id integer NOT NULL,
    date date NOT NULL,
    selection_number integer NOT NULL,
    purpose text NOT NULL,
    screening_type text,
    status text DEFAULT 'draft'::text NOT NULL,
    created_at timestamp without time zone DEFAULT now() NOT NULL,
    updated_at timestamp without time zone,
    notes text,
    reference_size_id integer
);


--
-- TOC entry 250 (class 1259 OID 246274)
-- Name: selections_id_seq; Type: SEQUENCE; Schema: public; Owner: -
--

CREATE SEQUENCE public.selections_id_seq
    AS integer
    START WITH 1
    INCREMENT BY 1
    NO MINVALUE
    NO MAXVALUE
    CACHE 1;


--
-- TOC entry 3780 (class 0 OID 0)
-- Dependencies: 250
-- Name: selections_id_seq; Type: SEQUENCE OWNED BY; Schema: public; Owner: -
--

ALTER SEQUENCE public.selections_id_seq OWNED BY public.selections.id;


--
-- TOC entry 251 (class 1259 OID 246275)
-- Name: sgr; Type: TABLE; Schema: public; Owner: -
--

CREATE TABLE public.sgr (
    id integer NOT NULL,
    month text NOT NULL,
    percentage real NOT NULL,
    calculated_from_real boolean DEFAULT false
);


--
-- TOC entry 252 (class 1259 OID 246281)
-- Name: sgr_giornalieri; Type: TABLE; Schema: public; Owner: -
--

CREATE TABLE public.sgr_giornalieri (
    id integer NOT NULL,
    record_date timestamp without time zone NOT NULL,
    temperature real,
    ph real,
    ammonia real,
    oxygen real,
    salinity real,
    notes text
);


--
-- TOC entry 253 (class 1259 OID 246286)
-- Name: sgr_giornalieri_id_seq; Type: SEQUENCE; Schema: public; Owner: -
--

CREATE SEQUENCE public.sgr_giornalieri_id_seq
    AS integer
    START WITH 1
    INCREMENT BY 1
    NO MINVALUE
    NO MAXVALUE
    CACHE 1;


--
-- TOC entry 3781 (class 0 OID 0)
-- Dependencies: 253
-- Name: sgr_giornalieri_id_seq; Type: SEQUENCE OWNED BY; Schema: public; Owner: -
--

ALTER SEQUENCE public.sgr_giornalieri_id_seq OWNED BY public.sgr_giornalieri.id;


--
-- TOC entry 254 (class 1259 OID 246287)
-- Name: sgr_id_seq; Type: SEQUENCE; Schema: public; Owner: -
--

CREATE SEQUENCE public.sgr_id_seq
    AS integer
    START WITH 1
    INCREMENT BY 1
    NO MINVALUE
    NO MAXVALUE
    CACHE 1;


--
-- TOC entry 3782 (class 0 OID 0)
-- Dependencies: 254
-- Name: sgr_id_seq; Type: SEQUENCE OWNED BY; Schema: public; Owner: -
--

ALTER SEQUENCE public.sgr_id_seq OWNED BY public.sgr.id;


--
-- TOC entry 266 (class 1259 OID 344076)
-- Name: sgr_monthly; Type: TABLE; Schema: public; Owner: -
--

CREATE TABLE public.sgr_monthly (
    id integer NOT NULL,
    month_number integer NOT NULL,
    percentage_value numeric(10,2) NOT NULL,
    notes text,
    created_at timestamp without time zone DEFAULT now() NOT NULL,
    updated_at timestamp without time zone
);


--
-- TOC entry 265 (class 1259 OID 344075)
-- Name: sgr_monthly_id_seq; Type: SEQUENCE; Schema: public; Owner: -
--

CREATE SEQUENCE public.sgr_monthly_id_seq
    AS integer
    START WITH 1
    INCREMENT BY 1
    NO MINVALUE
    NO MAXVALUE
    CACHE 1;


--
-- TOC entry 3783 (class 0 OID 0)
-- Dependencies: 265
-- Name: sgr_monthly_id_seq; Type: SEQUENCE OWNED BY; Schema: public; Owner: -
--

ALTER SEQUENCE public.sgr_monthly_id_seq OWNED BY public.sgr_monthly.id;


--
-- TOC entry 255 (class 1259 OID 246288)
-- Name: sizes; Type: TABLE; Schema: public; Owner: -
--

CREATE TABLE public.sizes (
    id integer NOT NULL,
    code text NOT NULL,
    name text NOT NULL,
    size_mm real,
    min_animals_per_kg integer,
    max_animals_per_kg integer,
    notes text,
    color text
);


--
-- TOC entry 256 (class 1259 OID 246293)
-- Name: sizes_id_seq; Type: SEQUENCE; Schema: public; Owner: -
--

CREATE SEQUENCE public.sizes_id_seq
    AS integer
    START WITH 1
    INCREMENT BY 1
    NO MINVALUE
    NO MAXVALUE
    CACHE 1;


--
-- TOC entry 3784 (class 0 OID 0)
-- Dependencies: 256
-- Name: sizes_id_seq; Type: SEQUENCE OWNED BY; Schema: public; Owner: -
--

ALTER SEQUENCE public.sizes_id_seq OWNED BY public.sizes.id;


--
-- TOC entry 282 (class 1259 OID 385104)
-- Name: sustainability_goals; Type: TABLE; Schema: public; Owner: -
--

CREATE TABLE public.sustainability_goals (
    id integer NOT NULL,
    title character varying(200) NOT NULL,
    description text,
    flupsy_id integer,
    category_id integer,
    target_value numeric(10,4),
    current_value numeric(10,4),
    unit character varying(20),
    status public.goal_status DEFAULT 'planned'::public.goal_status NOT NULL,
    target_date timestamp with time zone,
    metadata jsonb,
    created_at timestamp with time zone DEFAULT CURRENT_TIMESTAMP,
    updated_at timestamp with time zone
);


--
-- TOC entry 281 (class 1259 OID 385103)
-- Name: sustainability_goals_id_seq; Type: SEQUENCE; Schema: public; Owner: -
--

CREATE SEQUENCE public.sustainability_goals_id_seq
    AS integer
    START WITH 1
    INCREMENT BY 1
    NO MINVALUE
    NO MAXVALUE
    CACHE 1;


--
-- TOC entry 3785 (class 0 OID 0)
-- Dependencies: 281
-- Name: sustainability_goals_id_seq; Type: SEQUENCE OWNED BY; Schema: public; Owner: -
--

ALTER SEQUENCE public.sustainability_goals_id_seq OWNED BY public.sustainability_goals.id;


--
-- TOC entry 284 (class 1259 OID 385120)
-- Name: sustainability_reports; Type: TABLE; Schema: public; Owner: -
--

CREATE TABLE public.sustainability_reports (
    id integer NOT NULL,
    title character varying(200) NOT NULL,
    report_period character varying(50) NOT NULL,
    start_date timestamp with time zone NOT NULL,
    end_date timestamp with time zone NOT NULL,
    summary text,
    highlights jsonb,
    metrics jsonb,
    flupsy_ids integer[],
    file_path character varying(255),
    created_at timestamp with time zone DEFAULT CURRENT_TIMESTAMP,
    updated_at timestamp with time zone
);


--
-- TOC entry 283 (class 1259 OID 385119)
-- Name: sustainability_reports_id_seq; Type: SEQUENCE; Schema: public; Owner: -
--

CREATE SEQUENCE public.sustainability_reports_id_seq
    AS integer
    START WITH 1
    INCREMENT BY 1
    NO MINVALUE
    NO MAXVALUE
    CACHE 1;


--
-- TOC entry 3786 (class 0 OID 0)
-- Dependencies: 283
-- Name: sustainability_reports_id_seq; Type: SEQUENCE OWNED BY; Schema: public; Owner: -
--

ALTER SEQUENCE public.sustainability_reports_id_seq OWNED BY public.sustainability_reports.id;


--
-- TOC entry 257 (class 1259 OID 246294)
-- Name: target_size_annotations; Type: TABLE; Schema: public; Owner: -
--

CREATE TABLE public.target_size_annotations (
    id integer NOT NULL,
    basket_id integer NOT NULL,
    target_size_id integer NOT NULL,
    predicted_date date NOT NULL,
    status text DEFAULT 'pending'::text NOT NULL,
    reached_date date,
    notes text,
    created_at timestamp without time zone DEFAULT now() NOT NULL,
    updated_at timestamp without time zone
);


--
-- TOC entry 258 (class 1259 OID 246301)
-- Name: target_size_annotations_id_seq; Type: SEQUENCE; Schema: public; Owner: -
--

CREATE SEQUENCE public.target_size_annotations_id_seq
    AS integer
    START WITH 1
    INCREMENT BY 1
    NO MINVALUE
    NO MAXVALUE
    CACHE 1;


--
-- TOC entry 3787 (class 0 OID 0)
-- Dependencies: 258
-- Name: target_size_annotations_id_seq; Type: SEQUENCE OWNED BY; Schema: public; Owner: -
--

ALTER SEQUENCE public.target_size_annotations_id_seq OWNED BY public.target_size_annotations.id;


--
-- TOC entry 288 (class 1259 OID 417793)
-- Name: users; Type: TABLE; Schema: public; Owner: -
--

CREATE TABLE public.users (
    id integer NOT NULL,
    username text NOT NULL,
    password text NOT NULL,
    role text DEFAULT 'user'::text NOT NULL,
    last_login timestamp without time zone,
    created_at timestamp without time zone DEFAULT now() NOT NULL,
    language text DEFAULT 'it'::text NOT NULL
);


--
-- TOC entry 287 (class 1259 OID 417792)
-- Name: users_id_seq; Type: SEQUENCE; Schema: public; Owner: -
--

CREATE SEQUENCE public.users_id_seq
    AS integer
    START WITH 1
    INCREMENT BY 1
    NO MINVALUE
    NO MAXVALUE
    CACHE 1;


--
-- TOC entry 3788 (class 0 OID 0)
-- Dependencies: 287
-- Name: users_id_seq; Type: SEQUENCE OWNED BY; Schema: public; Owner: -
--

ALTER SEQUENCE public.users_id_seq OWNED BY public.users.id;


--
-- TOC entry 3361 (class 2604 OID 246302)
-- Name: basket_position_history id; Type: DEFAULT; Schema: public; Owner: -
--

ALTER TABLE ONLY public.basket_position_history ALTER COLUMN id SET DEFAULT nextval('public.basket_position_history_id_seq'::regclass);


--
-- TOC entry 3362 (class 2604 OID 246303)
-- Name: baskets id; Type: DEFAULT; Schema: public; Owner: -
--

ALTER TABLE ONLY public.baskets ALTER COLUMN id SET DEFAULT nextval('public.baskets_id_seq'::regclass);


--
-- TOC entry 3429 (class 2604 OID 385092)
-- Name: cycle_impacts id; Type: DEFAULT; Schema: public; Owner: -
--

ALTER TABLE ONLY public.cycle_impacts ALTER COLUMN id SET DEFAULT nextval('public.cycle_impacts_id_seq'::regclass);


--
-- TOC entry 3364 (class 2604 OID 246304)
-- Name: cycles id; Type: DEFAULT; Schema: public; Owner: -
--

ALTER TABLE ONLY public.cycles ALTER COLUMN id SET DEFAULT nextval('public.cycles_id_seq'::regclass);


--
-- TOC entry 3405 (class 2604 OID 327684)
-- Name: email_config id; Type: DEFAULT; Schema: public; Owner: -
--

ALTER TABLE ONLY public.email_config ALTER COLUMN id SET DEFAULT nextval('public.email_config_id_seq'::regclass);


--
-- TOC entry 3427 (class 2604 OID 385077)
-- Name: flupsy_impacts id; Type: DEFAULT; Schema: public; Owner: -
--

ALTER TABLE ONLY public.flupsy_impacts ALTER COLUMN id SET DEFAULT nextval('public.flupsy_impacts_id_seq'::regclass);


--
-- TOC entry 3366 (class 2604 OID 246305)
-- Name: flupsys id; Type: DEFAULT; Schema: public; Owner: -
--

ALTER TABLE ONLY public.flupsys ALTER COLUMN id SET DEFAULT nextval('public.flupsys_id_seq'::regclass);


--
-- TOC entry 3421 (class 2604 OID 385037)
-- Name: impact_categories id; Type: DEFAULT; Schema: public; Owner: -
--

ALTER TABLE ONLY public.impact_categories ALTER COLUMN id SET DEFAULT nextval('public.impact_categories_id_seq'::regclass);


--
-- TOC entry 3423 (class 2604 OID 385047)
-- Name: impact_factors id; Type: DEFAULT; Schema: public; Owner: -
--

ALTER TABLE ONLY public.impact_factors ALTER COLUMN id SET DEFAULT nextval('public.impact_factors_id_seq'::regclass);


--
-- TOC entry 3415 (class 2604 OID 368644)
-- Name: lot_inventory_transactions id; Type: DEFAULT; Schema: public; Owner: -
--

ALTER TABLE ONLY public.lot_inventory_transactions ALTER COLUMN id SET DEFAULT nextval('public.lot_inventory_transactions_id_seq'::regclass);


--
-- TOC entry 3418 (class 2604 OID 368665)
-- Name: lot_mortality_records id; Type: DEFAULT; Schema: public; Owner: -
--

ALTER TABLE ONLY public.lot_mortality_records ALTER COLUMN id SET DEFAULT nextval('public.lot_mortality_records_id_seq'::regclass);


--
-- TOC entry 3369 (class 2604 OID 246306)
-- Name: lots id; Type: DEFAULT; Schema: public; Owner: -
--

ALTER TABLE ONLY public.lots ALTER COLUMN id SET DEFAULT nextval('public.lots_id_seq'::regclass);


--
-- TOC entry 3371 (class 2604 OID 246307)
-- Name: mortality_rates id; Type: DEFAULT; Schema: public; Owner: -
--

ALTER TABLE ONLY public.mortality_rates ALTER COLUMN id SET DEFAULT nextval('public.mortality_rates_id_seq'::regclass);


--
-- TOC entry 3410 (class 2604 OID 344068)
-- Name: notification_settings id; Type: DEFAULT; Schema: public; Owner: -
--

ALTER TABLE ONLY public.notification_settings ALTER COLUMN id SET DEFAULT nextval('public.notification_settings_id_seq'::regclass);


--
-- TOC entry 3407 (class 2604 OID 335876)
-- Name: notifications id; Type: DEFAULT; Schema: public; Owner: -
--

ALTER TABLE ONLY public.notifications ALTER COLUMN id SET DEFAULT nextval('public.notifications_id_seq'::regclass);


--
-- TOC entry 3436 (class 2604 OID 393241)
-- Name: operation_impact_defaults id; Type: DEFAULT; Schema: public; Owner: -
--

ALTER TABLE ONLY public.operation_impact_defaults ALTER COLUMN id SET DEFAULT nextval('public.operation_impact_defaults_id_seq'::regclass);


--
-- TOC entry 3425 (class 2604 OID 385062)
-- Name: operation_impacts id; Type: DEFAULT; Schema: public; Owner: -
--

ALTER TABLE ONLY public.operation_impacts ALTER COLUMN id SET DEFAULT nextval('public.operation_impacts_id_seq'::regclass);


--
-- TOC entry 3372 (class 2604 OID 246308)
-- Name: operations id; Type: DEFAULT; Schema: public; Owner: -
--

ALTER TABLE ONLY public.operations ALTER COLUMN id SET DEFAULT nextval('public.operations_id_seq'::regclass);


--
-- TOC entry 3373 (class 2604 OID 246309)
-- Name: screening_basket_history id; Type: DEFAULT; Schema: public; Owner: -
--

ALTER TABLE ONLY public.screening_basket_history ALTER COLUMN id SET DEFAULT nextval('public.screening_basket_history_id_seq'::regclass);


--
-- TOC entry 3375 (class 2604 OID 246310)
-- Name: screening_destination_baskets id; Type: DEFAULT; Schema: public; Owner: -
--

ALTER TABLE ONLY public.screening_destination_baskets ALTER COLUMN id SET DEFAULT nextval('public.screening_destination_baskets_id_seq'::regclass);


--
-- TOC entry 3378 (class 2604 OID 246311)
-- Name: screening_lot_references id; Type: DEFAULT; Schema: public; Owner: -
--

ALTER TABLE ONLY public.screening_lot_references ALTER COLUMN id SET DEFAULT nextval('public.screening_lot_references_id_seq'::regclass);


--
-- TOC entry 3380 (class 2604 OID 246312)
-- Name: screening_operations id; Type: DEFAULT; Schema: public; Owner: -
--

ALTER TABLE ONLY public.screening_operations ALTER COLUMN id SET DEFAULT nextval('public.screening_operations_id_seq'::regclass);


--
-- TOC entry 3383 (class 2604 OID 246313)
-- Name: screening_source_baskets id; Type: DEFAULT; Schema: public; Owner: -
--

ALTER TABLE ONLY public.screening_source_baskets ALTER COLUMN id SET DEFAULT nextval('public.screening_source_baskets_id_seq'::regclass);


--
-- TOC entry 3387 (class 2604 OID 246314)
-- Name: selection_basket_history id; Type: DEFAULT; Schema: public; Owner: -
--

ALTER TABLE ONLY public.selection_basket_history ALTER COLUMN id SET DEFAULT nextval('public.selection_basket_history_id_seq'::regclass);


--
-- TOC entry 3389 (class 2604 OID 246315)
-- Name: selection_destination_baskets id; Type: DEFAULT; Schema: public; Owner: -
--

ALTER TABLE ONLY public.selection_destination_baskets ALTER COLUMN id SET DEFAULT nextval('public.selection_destination_baskets_id_seq'::regclass);


--
-- TOC entry 3391 (class 2604 OID 246316)
-- Name: selection_lot_references id; Type: DEFAULT; Schema: public; Owner: -
--

ALTER TABLE ONLY public.selection_lot_references ALTER COLUMN id SET DEFAULT nextval('public.selection_lot_references_id_seq'::regclass);


--
-- TOC entry 3393 (class 2604 OID 246317)
-- Name: selection_source_baskets id; Type: DEFAULT; Schema: public; Owner: -
--

ALTER TABLE ONLY public.selection_source_baskets ALTER COLUMN id SET DEFAULT nextval('public.selection_source_baskets_id_seq'::regclass);


--
-- TOC entry 3395 (class 2604 OID 246318)
-- Name: selections id; Type: DEFAULT; Schema: public; Owner: -
--

ALTER TABLE ONLY public.selections ALTER COLUMN id SET DEFAULT nextval('public.selections_id_seq'::regclass);


--
-- TOC entry 3398 (class 2604 OID 246319)
-- Name: sgr id; Type: DEFAULT; Schema: public; Owner: -
--

ALTER TABLE ONLY public.sgr ALTER COLUMN id SET DEFAULT nextval('public.sgr_id_seq'::regclass);


--
-- TOC entry 3400 (class 2604 OID 246320)
-- Name: sgr_giornalieri id; Type: DEFAULT; Schema: public; Owner: -
--

ALTER TABLE ONLY public.sgr_giornalieri ALTER COLUMN id SET DEFAULT nextval('public.sgr_giornalieri_id_seq'::regclass);


--
-- TOC entry 3413 (class 2604 OID 344079)
-- Name: sgr_monthly id; Type: DEFAULT; Schema: public; Owner: -
--

ALTER TABLE ONLY public.sgr_monthly ALTER COLUMN id SET DEFAULT nextval('public.sgr_monthly_id_seq'::regclass);


--
-- TOC entry 3401 (class 2604 OID 246321)
-- Name: sizes id; Type: DEFAULT; Schema: public; Owner: -
--

ALTER TABLE ONLY public.sizes ALTER COLUMN id SET DEFAULT nextval('public.sizes_id_seq'::regclass);


--
-- TOC entry 3431 (class 2604 OID 385107)
-- Name: sustainability_goals id; Type: DEFAULT; Schema: public; Owner: -
--

ALTER TABLE ONLY public.sustainability_goals ALTER COLUMN id SET DEFAULT nextval('public.sustainability_goals_id_seq'::regclass);


--
-- TOC entry 3434 (class 2604 OID 385123)
-- Name: sustainability_reports id; Type: DEFAULT; Schema: public; Owner: -
--

ALTER TABLE ONLY public.sustainability_reports ALTER COLUMN id SET DEFAULT nextval('public.sustainability_reports_id_seq'::regclass);


--
-- TOC entry 3402 (class 2604 OID 246322)
-- Name: target_size_annotations id; Type: DEFAULT; Schema: public; Owner: -
--

ALTER TABLE ONLY public.target_size_annotations ALTER COLUMN id SET DEFAULT nextval('public.target_size_annotations_id_seq'::regclass);


--
-- TOC entry 3438 (class 2604 OID 417796)
-- Name: users id; Type: DEFAULT; Schema: public; Owner: -
--

ALTER TABLE ONLY public.users ALTER COLUMN id SET DEFAULT nextval('public.users_id_seq'::regclass);


--
-- TOC entry 3676 (class 0 OID 246166)
-- Dependencies: 217
-- Data for Name: basket_position_history; Type: TABLE DATA; Schema: public; Owner: -
--

COPY public.basket_position_history (id, basket_id, flupsy_id, "row", "position", start_date, end_date, operation_id) FROM stdin;
38	21	608	DX	5	2025-04-27	\N	\N
39	22	608	DX	6	2025-04-27	\N	\N
42	25	608	SX	9	2025-04-27	\N	\N
43	26	608	SX	10	2025-04-27	\N	\N
44	27	582	SX	1	2025-04-27	\N	\N
46	29	608	SX	1	2025-04-27	\N	\N
47	30	608	SX	2	2025-04-27	\N	\N
48	31	618	DX	8	2025-04-27	\N	\N
49	32	618	DX	4	2025-04-27	\N	\N
50	33	608	DX	2	2025-04-28	\N	\N
51	34	608	DX	4	2025-04-28	\N	\N
52	35	608	DX	7	2025-04-28	\N	\N
53	36	608	DX	8	2025-04-28	\N	\N
54	37	608	SX	1	2025-04-28	\N	\N
55	38	608	SX	2	2025-04-28	\N	\N
56	39	608	SX	3	2025-04-28	\N	\N
57	40	608	SX	4	2025-04-28	\N	\N
58	41	608	SX	5	2025-04-28	\N	\N
59	42	608	SX	6	2025-04-28	\N	\N
60	43	608	SX	8	2025-04-28	\N	\N
61	44	608	SX	7	2025-04-28	\N	\N
63	46	737	DX	2	2025-04-29	\N	\N
64	47	737	DX	3	2025-04-29	\N	\N
65	48	737	DX	4	2025-04-29	\N	\N
66	49	737	DX	5	2025-04-29	\N	\N
67	50	737	DX	6	2025-04-29	\N	\N
68	51	737	DX	7	2025-04-29	\N	\N
69	52	737	DX	8	2025-04-29	\N	\N
70	53	618	SX	1	2025-04-29	\N	\N
72	55	737	SX	1	2025-04-29	\N	\N
73	56	737	SX	3	2025-04-29	\N	\N
74	57	737	SX	4	2025-04-29	\N	\N
71	54	737	SX	2	2025-04-29	2025-04-29	\N
75	58	737	SX	5	2025-04-29	\N	\N
62	45	737	DX	1	2025-04-29	2025-04-29	\N
1	1	582	DX	1	2025-04-27	\N	\N
2	2	582	DX	2	2025-04-27	\N	\N
3	3	582	DX	3	2025-04-27	\N	\N
4	4	582	DX	4	2025-04-27	\N	\N
5	5	618	DX	5	2025-04-27	\N	\N
6	6	618	DX	6	2025-04-27	\N	\N
7	7	582	DX	8	2025-04-27	\N	\N
8	8	582	DX	7	2025-04-27	\N	\N
9	9	582	DX	9	2025-04-27	\N	\N
15	15	582	SX	15	2025-04-27	2025-04-27	\N
14	14	582	SX	14	2025-04-27	2025-04-27	\N
16	16	582	SX	16	2025-04-27	2025-04-27	\N
12	12	582	SX	12	2025-04-27	2025-04-27	\N
13	13	582	SX	13	2025-04-27	2025-04-27	\N
10	10	582	SX	10	2025-04-27	2025-04-27	\N
22	10	618	DX	10	2025-04-27	\N	\N
11	11	582	SX	11	2025-04-27	2025-04-27	\N
17	15	618	DX	15	2025-04-27	2025-04-27	\N
18	14	618	DX	14	2025-04-27	2025-04-27	\N
20	12	618	DX	12	2025-04-27	2025-04-27	\N
19	16	618	DX	16	2025-04-27	2025-04-27	\N
21	13	618	DX	13	2025-04-27	2025-04-27	\N
28	13	618	SX	3	2025-04-27	\N	\N
23	11	618	DX	11	2025-04-27	2025-04-27	\N
29	11	618	SX	1	2025-04-27	\N	\N
24	15	618	SX	15	2025-04-27	2025-04-27	\N
30	15	618	SX	5	2025-04-27	\N	\N
25	14	618	SX	14	2025-04-27	2025-04-27	\N
31	14	618	SX	4	2025-04-27	\N	\N
26	12	618	SX	12	2025-04-27	2025-04-27	\N
32	12	618	SX	2	2025-04-27	\N	\N
27	16	618	SX	16	2025-04-27	2025-04-27	\N
33	16	618	SX	6	2025-04-27	\N	\N
34	17	608	DX	1	2025-04-27	\N	\N
36	19	608	DX	3	2025-04-27	\N	\N
\.


--
-- TOC entry 3678 (class 0 OID 246172)
-- Dependencies: 219
-- Data for Name: baskets; Type: TABLE DATA; Schema: public; Owner: -
--

COPY public.baskets (id, physical_number, state, current_cycle_id, nfc_data, flupsy_id, "row", "position", cycle_code) FROM stdin;
5	5	active	5	\N	618	DX	5	5-618-2504
6	6	active	6	\N	618	DX	6	6-618-2504
8	7	active	7	\N	618	DX	7	7-618-2504
17	1	active	8	\N	608	DX	1	1-608-2504
52	8	active	39	\N	737	DX	8	8-737-2504
19	3	active	10	\N	608	DX	3	3-608-2504
55	9	active	40	\N	737	SX	1	9-737-2504
21	5	active	12	\N	608	DX	5	5-608-2504
22	6	active	13	\N	608	DX	6	6-608-2504
56	11	active	42	\N	737	SX	3	11-737-2504
57	12	active	43	\N	737	SX	4	12-737-2504
31	8	active	18	\N	618	DX	8	8-618-2504
32	4	active	19	\N	618	DX	4	4-618-2504
58	13	active	44	\N	737	SX	5	13-737-2504
33	2	active	20	\N	608	DX	2	2-608-2504
34	4	active	21	\N	608	DX	4	4-608-2504
35	7	active	22	\N	608	DX	7	7-608-2504
36	8	active	23	\N	608	DX	8	8-608-2504
37	9	active	24	\N	608	SX	1	9-608-2504
38	10	active	25	\N	608	SX	2	10-608-2504
39	11	active	26	\N	608	SX	3	11-608-2504
40	12	active	27	\N	608	SX	4	12-608-2504
41	13	active	28	\N	608	SX	5	13-608-2504
42	14	active	29	\N	608	SX	6	14-608-2504
1	1	active	1	\N	618	DX	1	1-618-2504
2	2	active	2	\N	618	DX	2	2-618-2504
3	3	active	3	\N	618	DX	3	3-618-2504
43	15	active	30	\N	608	SX	8	15-608-2504
44	16	active	31	\N	608	SX	7	16-608-2504
46	2	active	33	\N	737	DX	2	2-737-2504
47	3	active	34	\N	737	DX	3	3-737-2504
48	4	active	35	\N	737	DX	4	4-737-2504
49	5	active	36	\N	737	DX	5	5-737-2504
50	6	active	37	\N	737	DX	6	6-737-2504
51	7	active	38	\N	737	DX	7	7-737-2504
\.


--
-- TOC entry 3739 (class 0 OID 385089)
-- Dependencies: 280
-- Data for Name: cycle_impacts; Type: TABLE DATA; Schema: public; Owner: -
--

COPY public.cycle_impacts (id, cycle_id, category_id, impact_value, metadata, created_at, updated_at) FROM stdin;
\.


--
-- TOC entry 3680 (class 0 OID 246179)
-- Dependencies: 221
-- Data for Name: cycles; Type: TABLE DATA; Schema: public; Owner: -
--

COPY public.cycles (id, basket_id, start_date, end_date, state) FROM stdin;
13	22	2025-04-27	\N	active
18	31	2025-04-27	\N	active
19	32	2025-04-27	\N	active
20	33	2025-04-28	\N	active
21	34	2025-04-28	\N	active
22	35	2025-04-28	\N	active
23	36	2025-04-28	\N	active
24	37	2025-04-28	\N	active
25	38	2025-04-28	\N	active
26	39	2025-04-28	\N	active
27	40	2025-04-28	\N	active
28	41	2025-04-28	\N	active
29	42	2025-04-28	\N	active
30	43	2025-04-28	\N	active
31	44	2025-04-28	\N	active
33	46	2025-04-29	\N	active
34	47	2025-04-29	\N	active
35	48	2025-04-29	\N	active
36	49	2025-04-29	\N	active
37	50	2025-04-29	\N	active
38	51	2025-04-29	\N	active
39	52	2025-04-29	\N	active
40	55	2025-04-29	\N	active
42	56	2025-04-29	\N	active
43	57	2025-04-29	\N	active
44	58	2025-04-29	\N	active
1	1	2025-04-27	\N	active
2	2	2025-04-27	\N	active
3	3	2025-04-27	\N	active
5	5	2025-04-27	\N	active
6	6	2025-04-27	\N	active
7	8	2025-04-27	\N	active
8	17	2025-04-27	\N	active
10	19	2025-04-27	\N	active
12	21	2025-04-27	\N	active
\.


--
-- TOC entry 3719 (class 0 OID 327681)
-- Dependencies: 260
-- Data for Name: email_config; Type: TABLE DATA; Schema: public; Owner: -
--

COPY public.email_config (id, key, value, created_at, updated_at) FROM stdin;
3	email_send_time	20:00	2025-04-25 17:37:57.294053	\N
4	auto_email_enabled	false	2025-04-25 17:37:57.294053	\N
1	email_recipients	lago.gianluigi@gmail.com	2025-04-25 17:37:57.294053	2025-04-26 08:49:28.69
2	email_cc		2025-04-25 17:37:57.294053	2025-04-26 08:49:28.955
\.


--
-- TOC entry 3737 (class 0 OID 385074)
-- Dependencies: 278
-- Data for Name: flupsy_impacts; Type: TABLE DATA; Schema: public; Owner: -
--

COPY public.flupsy_impacts (id, flupsy_id, category_id, impact_value, time_period, start_date, end_date, metadata, created_at, updated_at) FROM stdin;
\.


--
-- TOC entry 3682 (class 0 OID 246186)
-- Dependencies: 223
-- Data for Name: flupsys; Type: TABLE DATA; Schema: public; Owner: -
--

COPY public.flupsys (id, name, location, description, active, max_positions, production_center) FROM stdin;
618	BINS 5x4	Lungo parete DX		t	20	Ecotapes Italia
582	Raceway 1 CaPisani	Ca Pisani	descrizione a piacere	t	16	Ecotapes Italia
608	Raceway 1 Delta Futuro	La prima 		t	16	Delta Futuro GORO
570	Flupsy 2 piccolo 8 ceste	Ca Pisani		t	10	Ecotapes Italia
113	Flupsy 1 Alluminio	Ca Pisani	Ultimo lato uscita	t	20	Ecotapes Italia
2	Flupsy 2 (Easytech)	Canale 1 Lato Laguna	Posizionato lato GORO	t	20	Delta Futuro GORO
1	Flupsy 1 (Mondolo)	Canale 1 Lato Laguna	Posizionato lato Gorino	t	20	Delta Futuro GORO
13	Fluspy 3 MegaFlupsy	Ca Pisani	Primo da passerella	t	20	Ecotapes Italia
737	Raceway 2 Delta Futuro	seconda dall'entrata riga sx	16 cestelli 	t	16	Delta Futuro GORO
743	test-flupsy-1745853951000	TEST-LOCATION	Record di test per diagnostica	f	10	\N
\.


--
-- TOC entry 3731 (class 0 OID 385034)
-- Dependencies: 272
-- Data for Name: impact_categories; Type: TABLE DATA; Schema: public; Owner: -
--

COPY public.impact_categories (id, name, description, icon, color, unit, created_at, updated_at) FROM stdin;
1	water	Consumo di acqua	droplet	blue	m	2025-04-27 08:34:36.698872+00	\N
2	carbon	Emissioni di carbonio	cloud	gray	kg	2025-04-27 08:34:36.698872+00	\N
3	energy	Consumo energetico	zap	yellow	kWh	2025-04-27 08:34:36.698872+00	\N
4	waste	Produzione di rifiuti	trash	brown	kg	2025-04-27 08:34:36.698872+00	\N
5	biodiversity	Impatto sulla biodiversit	fish	green	index	2025-04-27 08:34:36.698872+00	\N
\.


--
-- TOC entry 3733 (class 0 OID 385044)
-- Dependencies: 274
-- Data for Name: impact_factors; Type: TABLE DATA; Schema: public; Owner: -
--

COPY public.impact_factors (id, category_id, operation_type, factor_value, unit, description, metadata, created_at, updated_at) FROM stdin;
1	1	pulizia	1.5000	m	Consumo acqua per operazione di pulizia	\N	2025-04-27 08:35:32.888099+00	\N
2	2	pulizia	0.8000	kg	Emissioni CO2 per operazione di pulizia	\N	2025-04-27 08:35:32.888099+00	\N
3	3	pulizia	1.2000	kWh	Consumo energetico per pulizia	\N	2025-04-27 08:35:32.888099+00	\N
4	1	vagliatura	2.3000	m	Consumo acqua per operazione di vagliatura	\N	2025-04-27 08:35:32.888099+00	\N
5	2	vagliatura	1.2000	kg	Emissioni CO2 per operazione di vagliatura	\N	2025-04-27 08:35:32.888099+00	\N
6	3	vagliatura	2.5000	kWh	Consumo energetico per vagliatura	\N	2025-04-27 08:35:32.888099+00	\N
7	1	pulizia	1.5000	m	Consumo acqua per operazione di pulizia	\N	2025-04-27 08:36:57.868469+00	\N
8	2	pulizia	0.8000	kg	Emissioni CO2 per operazione di pulizia	\N	2025-04-27 08:36:57.868469+00	\N
9	3	pulizia	1.2000	kWh	Consumo energetico per pulizia	\N	2025-04-27 08:36:57.868469+00	\N
10	1	vagliatura	2.3000	m	Consumo acqua per operazione di vagliatura	\N	2025-04-27 08:36:57.868469+00	\N
11	2	vagliatura	1.2000	kg	Emissioni CO2 per operazione di vagliatura	\N	2025-04-27 08:36:57.868469+00	\N
12	3	vagliatura	2.5000	kWh	Consumo energetico per vagliatura	\N	2025-04-27 08:36:57.868469+00	\N
\.


--
-- TOC entry 3727 (class 0 OID 368641)
-- Dependencies: 268
-- Data for Name: lot_inventory_transactions; Type: TABLE DATA; Schema: public; Owner: -
--

COPY public.lot_inventory_transactions (id, lot_id, transaction_type, date, animal_count, notes, operation_id, created_at, basket_id, selection_id, screening_id, metadata, created_by) FROM stdin;
\.


--
-- TOC entry 3729 (class 0 OID 368662)
-- Dependencies: 270
-- Data for Name: lot_mortality_records; Type: TABLE DATA; Schema: public; Owner: -
--

COPY public.lot_mortality_records (id, lot_id, calculation_date, initial_count, current_count, sold_count, mortality_count, mortality_percentage, notes, created_at) FROM stdin;
\.


--
-- TOC entry 3684 (class 0 OID 246193)
-- Dependencies: 225
-- Data for Name: lots; Type: TABLE DATA; Schema: public; Owner: -
--

COPY public.lots (id, arrival_date, supplier, quality, animal_count, weight, size_id, notes, state, supplier_lot_number) FROM stdin;
31	2025-04-10	Zeeland	teste	6633660	450	5	200 Appsheet Ca Pisani	active	4
32	2025-04-23	Zeeland	normali	2291590	500	1	201 Appsheet Ca Pisani	active	4
34	2025-04-23	Zeeland	code	2301925	115	4	201 Appsheet Ca Pisani	active	4
33	2025-04-23	Zeeland	code	1679057	210	5	201 Appsheet Ca Pisani	active	4
15	2025-02-27	Zeeland	code	794233	60	5	195 Appsheet Ca Pisani	active	2024/22
1	2025-01-07	Zeeland 	code	1875693	200	3	191- APPsheet ca Pisani	active	2024/17 
2	2025-01-07	Zeeland  	normali	1269332	350	4	191- Appsheet ca Pisani	active	2024/19
4	2025-01-29	Zeeland	teste	505323	200	7	192-Appsheet Ca Pisani	active	2024/20
5	2025-01-29	Zeeland	normali	1742441	300	1	192-Appsheet Ca Pisani	active	2024/20
7	2025-02-11	Roem 	teste	82225	135	9	193- Appsheet Ca Pisani	active	Rp51
12	2025-02-13	Zeeland	teste	2824089	550	1	194 Appsheet Ca Pisani	active	2024/22
11	2025-02-13	Zeeland	code	805056	90	5	194-AppSheet Ca Pisani	active	2024/20
6	2025-01-29	Zeeland	normali	2474162	175	5	192-Appsheet Ca Pisani	active	2024/20
8	2025-02-11	Roem 	normali	430325	337	7	193-Appsheet Ca Pisani	active	Rp51
9	2025-02-11	Roem 	teste	1296650	468	1	193-Appsheet Ca Pisani	active	Rp51
10	2025-02-11	Roem 	code	253333	38	4	193-Appsheet Ca Pisani	active	Rp51
3	2025-01-07	Zeeland	code	375139	40	5	191- Appsheet Ca Pisani	active	2024/19
13	2025-02-13	Zeeland	normali	2305446	160	5	194 Appsheet Ca Pisani	active	2024/22
14	2025-02-27	Zeeland	normali	2290766	200	1	195-Appsheet Ca Pisani	active	2024/22
16	2025-04-27	Zeeland	code	739459	50	4	195 Appsheet Ca Pisani	active	2024/22
18	2025-04-27	Zeeland	teste	5294888	400	5	195 Appsheet Ca Pisani	active	1
17	2025-02-27	Zeeland	teste	2581532	400	1	195 Appsheet Ca Pisani	active	1
19	2025-03-04	Roem 	normali	6202634	1413	1	196 Appsheet Ca Pisani	active	3
20	2025-03-04	Roem 	normali	10450000	1024	4	196 Appsheet Ca Pisani	active	3
21	2025-03-12	Zeeland	normali	4178697	500	1	197 Appsheet Ca Pisani	active	1
22	2025-03-12	Zeeland	normali	3278655	250	5	197 Appsheet Ca Pisani	active	1
23	2025-03-12	Zeeland	code	1327133	100	4	197 Appsheet Ca Pisani	active	1
24	2025-03-18	Roem 	normali	947631	156	1	198 Appsheet Ca Pisani	active	3
25	2025-03-18	Roem 	code	1787782	185	4	198 Appsheet Ca Pisani	active	3
26	2025-04-02	Zeeland	teste	1395000	650	7	199 Appsheet Ca Pisani	active	2
27	2025-04-02	Zeeland	normali	2384666	450	1	199 Appsheet Ca Pisani	active	2
28	2025-04-02	Zeeland	teste	1311516	90	5	199 Appsheet Ca Pisani	active	3
29	2025-04-02	Zeeland	normali	1249756	55	4	199 Appsheet Ca Pisani	active	3
30	2025-04-10	Zeeland	teste	4920600	650	1	200 Appsheet Ca Pisani	active	4
\.


--
-- TOC entry 3686 (class 0 OID 246200)
-- Dependencies: 227
-- Data for Name: mortality_rates; Type: TABLE DATA; Schema: public; Owner: -
--

COPY public.mortality_rates (id, size_id, month, percentage, notes) FROM stdin;
\.


--
-- TOC entry 3723 (class 0 OID 344065)
-- Dependencies: 264
-- Data for Name: notification_settings; Type: TABLE DATA; Schema: public; Owner: -
--

COPY public.notification_settings (id, notification_type, is_enabled, created_at, updated_at) FROM stdin;
\.


--
-- TOC entry 3721 (class 0 OID 335873)
-- Dependencies: 262
-- Data for Name: notifications; Type: TABLE DATA; Schema: public; Owner: -
--

COPY public.notifications (id, type, title, message, is_read, created_at, related_entity_type, related_entity_id, data) FROM stdin;
\.


--
-- TOC entry 3745 (class 0 OID 393238)
-- Dependencies: 286
-- Data for Name: operation_impact_defaults; Type: TABLE DATA; Schema: public; Owner: -
--

COPY public.operation_impact_defaults (id, operation_type, water, carbon, energy, waste, biodiversity, created_at, updated_at, custom_name) FROM stdin;
1	pulizia	7.5	3.2	2	5	1.1	2025-04-27 09:31:44.480754+00	\N	\N
3	misura	1	1.5	2	0.8	0.3	2025-04-27 09:31:44.480754+00	\N	\N
4	prima-attivazione	8.5	7	9.2	4.5	2	2025-04-27 09:31:44.480754+00	\N	\N
5	trattamento	4.5	3.7	5.2	2.1	1.4	2025-04-27 09:34:36.943727+00	\N	\N
2	vagliatura	3.5	3	4.8	2.5	1	2025-04-27 09:31:44.480754+00	2025-04-27 09:34:43.455+00	\N
7	trasporto-medio	1.5	6.3	4.8	1.1	0.8	2025-04-27 09:45:39.59603+00	2025-04-27 09:53:26.084+00	\N
9	selezione-vendita	2.2	4	6	1.1	1	2025-04-27 09:54:42.148256+00	2025-04-27 09:54:57.377+00	\N
6	trasporto-corto	1	2	3	4	5	2025-04-27 09:45:28.517792+00	2025-04-27 10:01:47.085+00	\N
11	custom	2.5	3.5	4.5	5.5	6.5	2025-04-27 10:10:48.967094+00	\N	test-aggiornamento
\.


--
-- TOC entry 3735 (class 0 OID 385059)
-- Dependencies: 276
-- Data for Name: operation_impacts; Type: TABLE DATA; Schema: public; Owner: -
--

COPY public.operation_impacts (id, operation_id, category_id, impact_value, baseline_value, improvement_percentage, metadata, created_at, updated_at) FROM stdin;
\.


--
-- TOC entry 3688 (class 0 OID 246206)
-- Dependencies: 229
-- Data for Name: operations; Type: TABLE DATA; Schema: public; Owner: -
--

COPY public.operations (id, date, type, basket_id, cycle_id, size_id, sgr_id, lot_id, animal_count, total_weight, animals_per_kg, average_weight, notes, dead_count, mortality_rate) FROM stdin;
16	2025-04-27	prima-attivazione	22	13	4	\N	22	731745	66.99999	10921569	0.091561936	3740 Appsheet Ca Pisani 11-3-2025 (Delta futuro9	\N	\N
17	2025-04-27	prima-attivazione	23	14	4	\N	22	731745	66.99999	10921569	0.091561936	3740 Appsheet Ca Pisani 11-3-2025 (Delta futuro)	\N	\N
20	2025-04-27	prima-attivazione	29	17	4	\N	22	631267	57.80003	10921569	0.091561936	3742 Appsheet Ca Pisani 11-3-2025 (Delta futuro)	\N	\N
21	2025-04-27	prima-attivazione	31	18	5	\N	21	719600	117.59999	6119048	0.16342412	3745 Appsheet Ca Pisani (Bins)	\N	\N
22	2025-04-27	prima-attivazione	32	19	5	\N	21	681050	111.299995	6119048	0.16342412	3746 Appsheet Ca Pisani 11-3-2025	\N	\N
23	2025-04-28	prima-attivazione	33	20	4	\N	23	446054	36.399982	12254237	0.08160443	3736 Appsheet Ca Pisani (Delta futuro)	\N	\N
24	2025-04-28	prima-attivazione	34	21	4	\N	22	614884	56.29997	10921569	0.091561936	3738 Appsheet Ca Pisani - Delta Futuro	\N	\N
25	2025-04-28	prima-attivazione	35	22	4	\N	22	673861	61.700016	10921569	0.091561936	3741 Appsheet Ca Pisani (Delta futuro)	\N	\N
1	2025-04-27	prima-attivazione	1	1	4	\N	16	739459	57.599964	12837838	0.07789473	3682 Appsheet Ca Pisani arrivo 27/2/25 ultima nota 11-3-	\N	\N
2	2025-04-27	prima-attivazione	2	2	5	\N	21	697571	113.99992	6119048	0.16342412	3743 Appsheet Ca Pisani	\N	\N
6	2025-04-27	prima-attivazione	5	5	5	\N	21	700019	114.39999	6119048	0.16342412	3747 Appsheet Ca Pisani - 11/3/2025	\N	\N
7	2025-04-27	prima-attivazione	6	6	5	\N	21	712257	116.39997	6119048	0.16342412	3748 Appsheet Ca Pisani 11-3-2025	\N	\N
8	2025-04-27	prima-attivazione	8	7	5	\N	19	210250	33.833332	6214286	0.16091953	3896 Appsheet Ca Pisani 15-4-25 - mortalit 50% da selezione ceste precedenti	\N	\N
9	2025-04-27	prima-attivazione	17	8	4	\N	23	498747	40.699963	12254237	0.08160443	3735 Appsheet Ca Pisani 11-3-23 (posizione cestello Delta futuro) 	\N	\N
12	2025-04-27	prima-attivazione	19	10	4	\N	23	382332	31.199984	12254237	0.08160443	3737 Appsheet Ca Pisani 11-3-2025 (posizione Delta Futuro)	\N	\N
15	2025-04-27	prima-attivazione	21	12	4	\N	22	626898	57.399994	10921569	0.091561936	3739 Appsheet Ca Pisani 11-3-25 (Delta futuro)	\N	\N
3	2025-04-27	prima-attivazione	3	3	5	\N	21	668200	109.2	6119048	0.16342412	3744 Appsheet Ca Pisani	\N	\N
26	2025-04-28	prima-attivazione	36	23	4	\N	22	631267	57.80003	10921569	0.091561936	3742 Appsheet Ca Pisani (Delta futuro)	\N	\N
27	2025-04-28	prima-attivazione	37	24	4	\N	25	1742442	206.99974	8417605	0.118798636	3797 Appsheet Ca Pisani	\N	\N
28	2025-04-28	prima-attivazione	38	25	1	\N	24	751680	159.93192	4700000	0.21276596	3798 Appsheet Ca Pisani (Delta futuro)	\N	\N
29	2025-04-28	prima-attivazione	39	26	4	\N	31	1664234	143	11638000	0.085925415	3885 Appsheet Ca Pisani (Delta futuro)	\N	\N
30	2025-04-28	prima-attivazione	40	27	4	\N	31	1617682	139	11638000	0.085925415	3886 Appsheet Ca Pisani (Delta Futuro)	\N	\N
31	2025-04-28	prima-attivazione	41	28	4	\N	31	1664234	143	11638000	0.085925415	3387 Appsheet Ca Pisani (Delta futuro)	\N	\N
32	2025-04-28	prima-attivazione	42	29	4	\N	31	1687510	145	11638000	0.085925415	3888 Appsheet Ca Pisani 	\N	\N
33	2025-04-28	prima-attivazione	43	30	1	\N	30	761720	152.344	5000000	0.2	3889 Appsheet Ca Pisani (Delta futuro)	\N	\N
34	2025-04-28	prima-attivazione	44	31	1	\N	30	934640	186.928	5000000	0.2	3890 Appsheet Ca Pisani (Delta futuro)	\N	\N
36	2025-04-29	prima-attivazione	46	33	1	\N	30	961880	192.376	5000000	0.2	3892 Appsheet Ca Pisani (Delta Futuro)	\N	\N
37	2025-04-29	prima-attivazione	47	34	1	\N	30	1095320	219.064	5000000	0.2	3893 Appsheet Ca Pisani (Delta futuro)	\N	\N
38	2025-04-29	prima-attivazione	48	35	5	\N	33	451876	77.90965	5800000	0.1724138	3939 Appsheet Ca Pisani	\N	\N
39	2025-04-29	prima-attivazione	49	36	5	\N	33	460460	79.389656	5800000	0.1724138	3940 Appsheet Ca Pisani (delta futuro)	\N	\N
41	2025-04-29	prima-attivazione	51	38	5	\N	33	439043	75.69707	5800000	0.1724138	3942 Appsheet Ca Pisani (Delta futuro)	\N	\N
42	2025-04-29	prima-attivazione	52	39	5	\N	33	460460	79.389656	5800000	0.1724138	3943 Appsheet Ca Pisani (Delta futuro)	\N	\N
43	2025-04-29	prima-attivazione	55	40	4	\N	34	582332	53.91963	10800000	0.09259259	3944 Appsheet Ca Pisani (Delta Futuro)	\N	\N
45	2025-04-29	prima-attivazione	56	42	4	\N	34	494982	45.831665	10800000	0.09259259	3946 Appsheet Ca Pisani (Delta futuro)	\N	\N
46	2025-04-29	prima-attivazione	57	43	3	\N	34	1057180	52.859	20000000	0.05	3947 Appsheet Ca Pisani (Delta futuro)	\N	\N
47	2025-04-29	prima-attivazione	58	44	3	\N	34	1244745	62.23725	20000000	0.05	3948 Appsheet  Ca Pisani (Delta futuro)	\N	\N
40	2025-04-29	prima-attivazione	50	37	5	4	33	449751	77.543274	5800000	0.1724138	3941 Appsheet Ca Pisani (Delta futuro)	\N	\N
\.


--
-- TOC entry 3690 (class 0 OID 246212)
-- Dependencies: 231
-- Data for Name: screening_basket_history; Type: TABLE DATA; Schema: public; Owner: -
--

COPY public.screening_basket_history (id, screening_id, source_basket_id, source_cycle_id, destination_basket_id, destination_cycle_id, created_at) FROM stdin;
\.


--
-- TOC entry 3692 (class 0 OID 246217)
-- Dependencies: 233
-- Data for Name: screening_destination_baskets; Type: TABLE DATA; Schema: public; Owner: -
--

COPY public.screening_destination_baskets (id, screening_id, basket_id, cycle_id, category, flupsy_id, "row", "position", position_assigned, animal_count, live_animals, total_weight, animals_per_kg, dead_count, mortality_rate, notes, created_at, updated_at) FROM stdin;
\.


--
-- TOC entry 3694 (class 0 OID 246225)
-- Dependencies: 235
-- Data for Name: screening_lot_references; Type: TABLE DATA; Schema: public; Owner: -
--

COPY public.screening_lot_references (id, screening_id, destination_basket_id, destination_cycle_id, lot_id, created_at) FROM stdin;
\.


--
-- TOC entry 3696 (class 0 OID 246230)
-- Dependencies: 237
-- Data for Name: screening_operations; Type: TABLE DATA; Schema: public; Owner: -
--

COPY public.screening_operations (id, date, screening_number, purpose, reference_size_id, status, created_at, updated_at, notes) FROM stdin;
\.


--
-- TOC entry 3698 (class 0 OID 246238)
-- Dependencies: 239
-- Data for Name: screening_source_baskets; Type: TABLE DATA; Schema: public; Owner: -
--

COPY public.screening_source_baskets (id, screening_id, basket_id, cycle_id, dismissed, position_released, animal_count, total_weight, animals_per_kg, size_id, lot_id, created_at) FROM stdin;
\.


--
-- TOC entry 3700 (class 0 OID 246245)
-- Dependencies: 241
-- Data for Name: selection_basket_history; Type: TABLE DATA; Schema: public; Owner: -
--

COPY public.selection_basket_history (id, selection_id, source_basket_id, source_cycle_id, destination_basket_id, destination_cycle_id, created_at) FROM stdin;
\.


--
-- TOC entry 3702 (class 0 OID 246250)
-- Dependencies: 243
-- Data for Name: selection_destination_baskets; Type: TABLE DATA; Schema: public; Owner: -
--

COPY public.selection_destination_baskets (id, selection_id, basket_id, cycle_id, destination_type, flupsy_id, "position", animal_count, live_animals, total_weight, animals_per_kg, size_id, dead_count, mortality_rate, sample_weight, sample_count, notes, created_at, updated_at) FROM stdin;
\.


--
-- TOC entry 3704 (class 0 OID 246257)
-- Dependencies: 245
-- Data for Name: selection_lot_references; Type: TABLE DATA; Schema: public; Owner: -
--

COPY public.selection_lot_references (id, selection_id, destination_basket_id, destination_cycle_id, lot_id, created_at) FROM stdin;
\.


--
-- TOC entry 3706 (class 0 OID 246262)
-- Dependencies: 247
-- Data for Name: selection_source_baskets; Type: TABLE DATA; Schema: public; Owner: -
--

COPY public.selection_source_baskets (id, selection_id, basket_id, cycle_id, animal_count, total_weight, animals_per_kg, size_id, lot_id, created_at) FROM stdin;
\.


--
-- TOC entry 3708 (class 0 OID 246267)
-- Dependencies: 249
-- Data for Name: selections; Type: TABLE DATA; Schema: public; Owner: -
--

COPY public.selections (id, date, selection_number, purpose, screening_type, status, created_at, updated_at, notes, reference_size_id) FROM stdin;
\.


--
-- TOC entry 3710 (class 0 OID 246275)
-- Dependencies: 251
-- Data for Name: sgr; Type: TABLE DATA; Schema: public; Owner: -
--

COPY public.sgr (id, month, percentage, calculated_from_real) FROM stdin;
1	gennaio	0.8	f
2	febbraio	1.2	f
3	marzo	3.4	f
4	aprile	3.7	f
5	maggio	5.7	f
6	giugno	7	f
7	luglio	7.9	f
8	agosto	8.3	f
9	settembre	5.7	f
10	ottobre	4.1	f
11	novembre	1.6	f
12	dicembre	0.8	f
\.


--
-- TOC entry 3711 (class 0 OID 246281)
-- Dependencies: 252
-- Data for Name: sgr_giornalieri; Type: TABLE DATA; Schema: public; Owner: -
--

COPY public.sgr_giornalieri (id, record_date, temperature, ph, ammonia, oxygen, salinity, notes) FROM stdin;
\.


--
-- TOC entry 3725 (class 0 OID 344076)
-- Dependencies: 266
-- Data for Name: sgr_monthly; Type: TABLE DATA; Schema: public; Owner: -
--

COPY public.sgr_monthly (id, month_number, percentage_value, notes, created_at, updated_at) FROM stdin;
1	1	10.20	Gennaio	2025-04-26 09:56:19.167203	\N
2	2	11.50	Febbraio	2025-04-26 09:56:19.167203	\N
3	3	13.80	Marzo	2025-04-26 09:56:19.167203	\N
4	4	16.50	Aprile	2025-04-26 09:56:19.167203	\N
5	5	19.20	Maggio	2025-04-26 09:56:19.167203	\N
6	6	22.40	Giugno	2025-04-26 09:56:19.167203	\N
7	7	24.80	Luglio	2025-04-26 09:56:19.167203	\N
8	8	25.20	Agosto	2025-04-26 09:56:19.167203	\N
9	9	22.50	Settembre	2025-04-26 09:56:19.167203	\N
10	10	19.00	Ottobre	2025-04-26 09:56:19.167203	\N
11	11	15.30	Novembre	2025-04-26 09:56:19.167203	\N
12	12	12.10	Dicembre	2025-04-26 09:56:19.167203	\N
\.


--
-- TOC entry 3714 (class 0 OID 246288)
-- Dependencies: 255
-- Data for Name: sizes; Type: TABLE DATA; Schema: public; Owner: -
--

COPY public.sizes (id, code, name, size_mm, min_animals_per_kg, max_animals_per_kg, notes, color) FROM stdin;
1	TP-500	TP-500	1	3400001	5000000		#6366f1
2	TP-180	TP-180	\N	42000001	100000000		#a78bfa
3	TP-200	TP-200	10	16000001	42000000	Lunghezza Animale 1.0 mm, PesoGrPer1000 1000	#818cf8
4	TP-315	TP-315	\N	7600001	16000000		#60a5fa
5	TP-450	TP-450	\N	5000001	7600000		#2dd4bf
6	TP-600	TP-600	\N	1800001	3400000		#4ade80
7	TP-700	TP-700	\N	1500001	1800000		#a3e635
8	TP-800	TP-800	20	880001	1500000	Lunghezza Animale 2.0 mm, PesoGrPer1000 2000	#facc15
9	TP-1000	TP-1000	\N	600001	880000		#fb923c
10	TP-1140	TP-1140	\N	350001	600000		#f87171
11	TP-1260	TP-1260	\N	300001	350000		#f472b6
12	TP-1500	TP-1500	30	190001	300000	Lunghezza Animale 3.0 mm, PesoGrPer1000 3000	#e879f9
13	TP-1800	TP-1800	\N	120001	190000		#c084fc
14	TP-1900	TP-1900	\N	97001	120000		#93c5fd
15	TP-2000	TP-2000	\N	70001	97000		#67e8f9
16	TP-2200	TP-2200	\N	60001	70000		#86efac
17	TP-2500	TP-2500	\N	40001	60000		#fde047
18	TP-2800	TP-2800	\N	32001	40000		#fdba74
19	TP-3000	TP-3000	\N	19001	32000		#fca5a5
20	TP-3500	TP-3500	\N	12501	19000		#f9a8d4
21	TP-4000	TP-4000	\N	7501	12500		#d8b4fe
22	TP-5000	TP-5000	\N	3901	7500		#bfdbfe
23	TP-6000	TP-6000	\N	3001	3900		#a5f3fc
24	TP-7000	TP-7000	\N	2301	3000		#bbf7d0
25	TP-8000	TP-8000	\N	1801	2300		#fef08a
26	TP-9000	TP-9000	\N	1201	1800		#fed7aa
27	TP-10000	TP-10000	\N	801	1200		#fecaca
\.


--
-- TOC entry 3741 (class 0 OID 385104)
-- Dependencies: 282
-- Data for Name: sustainability_goals; Type: TABLE DATA; Schema: public; Owner: -
--

COPY public.sustainability_goals (id, title, description, flupsy_id, category_id, target_value, current_value, unit, status, target_date, metadata, created_at, updated_at) FROM stdin;
1	Riduzione consumo acqua BINS 5x4	Obiettivo di riduzione del consumo di acqua per il FLUPSY BINS 5x4 attraverso l'ottimizzazione dei processi di pulizia	618	1	63.0000	5.0000	m	planned	2025-07-26 08:35:33.912+00	\N	2025-04-27 08:35:33.947409+00	\N
2	Riduzione emissioni CO2 BINS 5x4	Obiettivo di riduzione delle emissioni di CO2 per il FLUPSY BINS 5x4 attraverso l'uso di energie rinnovabili	618	2	103.0000	33.0000	kg	in-progress	2025-10-24 08:35:33.979+00	\N	2025-04-27 08:35:34.013858+00	\N
3	Riduzione consumo acqua Raceway 1 CaPisani	Obiettivo di riduzione del consumo di acqua per il FLUPSY Raceway 1 CaPisani attraverso l'ottimizzazione dei processi di pulizia	582	1	72.0000	48.0000	m	completed	2025-07-26 08:35:34.044+00	\N	2025-04-27 08:35:34.079223+00	\N
4	Riduzione emissioni CO2 Raceway 1 CaPisani	Obiettivo di riduzione delle emissioni di CO2 per il FLUPSY Raceway 1 CaPisani attraverso l'uso di energie rinnovabili	582	2	115.0000	30.0000	kg	in-progress	2025-10-24 08:35:34.109+00	\N	2025-04-27 08:35:34.145819+00	\N
5	Riduzione consumo acqua Raceway 1 Delta Futuro	Obiettivo di riduzione del consumo di acqua per il FLUPSY Raceway 1 Delta Futuro attraverso l'ottimizzazione dei processi di pulizia	608	1	89.0000	63.0000	m	in-progress	2025-07-26 08:35:34.176+00	\N	2025-04-27 08:35:34.21119+00	\N
6	Riduzione emissioni CO2 Raceway 1 Delta Futuro	Obiettivo di riduzione delle emissioni di CO2 per il FLUPSY Raceway 1 Delta Futuro attraverso l'uso di energie rinnovabili	608	2	149.0000	37.0000	kg	in-progress	2025-10-24 08:35:34.256+00	\N	2025-04-27 08:35:34.29169+00	\N
7	Riduzione consumo acqua Flupsy piccolo 8 ceste	Obiettivo di riduzione del consumo di acqua per il FLUPSY Flupsy piccolo 8 ceste attraverso l'ottimizzazione dei processi di pulizia	570	1	96.0000	52.0000	m	planned	2025-07-26 08:35:34.321+00	\N	2025-04-27 08:35:34.356624+00	\N
8	Riduzione emissioni CO2 Flupsy piccolo 8 ceste	Obiettivo di riduzione delle emissioni di CO2 per il FLUPSY Flupsy piccolo 8 ceste attraverso l'uso di energie rinnovabili	570	2	138.0000	30.0000	kg	planned	2025-10-24 08:35:34.387+00	\N	2025-04-27 08:35:34.421772+00	\N
9	Riduzione consumo acqua Flupsy 1 Alluminio	Obiettivo di riduzione del consumo di acqua per il FLUPSY Flupsy 1 Alluminio attraverso l'ottimizzazione dei processi di pulizia	113	1	119.0000	66.0000	m	in-progress	2025-07-26 08:35:34.451+00	\N	2025-04-27 08:35:34.486666+00	\N
10	Riduzione emissioni CO2 Flupsy 1 Alluminio	Obiettivo di riduzione delle emissioni di CO2 per il FLUPSY Flupsy 1 Alluminio attraverso l'uso di energie rinnovabili	113	2	125.0000	7.0000	kg	planned	2025-10-24 08:35:34.517+00	\N	2025-04-27 08:35:34.551698+00	\N
11	Riduzione consumo acqua BINS 5x4	Obiettivo di riduzione del consumo di acqua per il FLUPSY BINS 5x4 attraverso l'ottimizzazione dei processi di pulizia	618	1	104.0000	78.0000	m	completed	2025-07-26 08:36:58.875+00	\N	2025-04-27 08:36:58.910158+00	\N
12	Riduzione emissioni CO2 BINS 5x4	Obiettivo di riduzione delle emissioni di CO2 per il FLUPSY BINS 5x4 attraverso l'uso di energie rinnovabili	618	2	113.0000	49.0000	kg	planned	2025-10-24 08:36:58.941+00	\N	2025-04-27 08:36:58.975738+00	\N
13	Riduzione consumo acqua Raceway 1 CaPisani	Obiettivo di riduzione del consumo di acqua per il FLUPSY Raceway 1 CaPisani attraverso l'ottimizzazione dei processi di pulizia	582	1	86.0000	60.0000	m	in-progress	2025-07-26 08:36:59.005+00	\N	2025-04-27 08:36:59.040689+00	\N
14	Riduzione emissioni CO2 Raceway 1 CaPisani	Obiettivo di riduzione delle emissioni di CO2 per il FLUPSY Raceway 1 CaPisani attraverso l'uso di energie rinnovabili	582	2	147.0000	47.0000	kg	completed	2025-10-24 08:36:59.07+00	\N	2025-04-27 08:36:59.105376+00	\N
15	Riduzione consumo acqua Raceway 1 Delta Futuro	Obiettivo di riduzione del consumo di acqua per il FLUPSY Raceway 1 Delta Futuro attraverso l'ottimizzazione dei processi di pulizia	608	1	58.0000	21.0000	m	completed	2025-07-26 08:36:59.136+00	\N	2025-04-27 08:36:59.171021+00	\N
16	Riduzione emissioni CO2 Raceway 1 Delta Futuro	Obiettivo di riduzione delle emissioni di CO2 per il FLUPSY Raceway 1 Delta Futuro attraverso l'uso di energie rinnovabili	608	2	148.0000	35.0000	kg	planned	2025-10-24 08:36:59.2+00	\N	2025-04-27 08:36:59.235632+00	\N
17	Riduzione consumo acqua Flupsy 2 piccolo 8 ceste	Obiettivo di riduzione del consumo di acqua per il FLUPSY Flupsy 2 piccolo 8 ceste attraverso l'ottimizzazione dei processi di pulizia	570	1	110.0000	71.0000	m	planned	2025-07-26 08:36:59.266+00	\N	2025-04-27 08:36:59.300402+00	\N
18	Riduzione emissioni CO2 Flupsy 2 piccolo 8 ceste	Obiettivo di riduzione delle emissioni di CO2 per il FLUPSY Flupsy 2 piccolo 8 ceste attraverso l'uso di energie rinnovabili	570	2	106.0000	41.0000	kg	planned	2025-10-24 08:36:59.33+00	\N	2025-04-27 08:36:59.365368+00	\N
19	Riduzione consumo acqua Flupsy 1 Alluminio	Obiettivo di riduzione del consumo di acqua per il FLUPSY Flupsy 1 Alluminio attraverso l'ottimizzazione dei processi di pulizia	113	1	86.0000	64.0000	m	completed	2025-07-26 08:36:59.395+00	\N	2025-04-27 08:36:59.429449+00	\N
20	Riduzione emissioni CO2 Flupsy 1 Alluminio	Obiettivo di riduzione delle emissioni di CO2 per il FLUPSY Flupsy 1 Alluminio attraverso l'uso di energie rinnovabili	113	2	108.0000	39.0000	kg	planned	2025-10-24 08:36:59.459+00	\N	2025-04-27 08:36:59.493629+00	\N
\.


--
-- TOC entry 3743 (class 0 OID 385120)
-- Dependencies: 284
-- Data for Name: sustainability_reports; Type: TABLE DATA; Schema: public; Owner: -
--

COPY public.sustainability_reports (id, title, report_period, start_date, end_date, summary, highlights, metrics, flupsy_ids, file_path, created_at, updated_at) FROM stdin;
1	Report Trimestrale Q1 2025	Q1 2025	2025-01-01 00:00:00+00	2025-03-31 00:00:00+00	Analisi della sostenibilit per il primo trimestre del 2025. Osservato un miglioramento del 12% rispetto al trimestre precedente.	{"points": ["Riduzione del 15% nel consumo di acqua", "Aumento efficienza energetica del 8%", "Implementazione di nuovi protocolli di sostenibilit"]}	{"water": 245.3, "carbon": 132.8, "energy": 456.2}	{618,582,608,570,113}	\N	2025-04-27 08:36:59.557987+00	\N
2	Report Annuale 2024	Anno 2024	2024-01-01 00:00:00+00	2024-12-31 00:00:00+00	Report annuale completo sulla sostenibilit per anno 2024. Analisi dettagliata di tutte le metriche con confronto rispetto agli anni precedenti.	{"points": ["Riduzione complessiva del 22% nelle emissioni di CO2", "Implementazione sistema di monitoraggio in tempo reale", "Certificazione ambientale ottenuta per 3 siti produttivi"]}	{"waste": 345.6, "water": 1245.3, "carbon": 832.8, "energy": 2456.2, "biodiversity": 78.3}	{618,582,608,570,113}	\N	2025-04-27 08:36:59.557987+00	\N
\.


--
-- TOC entry 3716 (class 0 OID 246294)
-- Dependencies: 257
-- Data for Name: target_size_annotations; Type: TABLE DATA; Schema: public; Owner: -
--

COPY public.target_size_annotations (id, basket_id, target_size_id, predicted_date, status, reached_date, notes, created_at, updated_at) FROM stdin;
1	4	19	2025-05-06	unread	\N	Annotazione creata manualmente per test	2025-04-26 10:14:19.537192	\N
\.


--
-- TOC entry 3747 (class 0 OID 417793)
-- Dependencies: 288
-- Data for Name: users; Type: TABLE DATA; Schema: public; Owner: -
--

COPY public.users (id, username, password, role, last_login, created_at, language) FROM stdin;
1	Visitor	Visitor	visitor	2025-04-28 15:55:40.468	2025-04-28 14:47:09.200978	it
5	Gianluigi	admin	admin	2025-04-28 16:37:57.378	2025-04-28 16:35:10.767757	it
2	User	AppFlupsy1204	user	2025-04-29 18:08:19.083	2025-04-28 14:47:09.200978	it
\.


--
-- TOC entry 3789 (class 0 OID 0)
-- Dependencies: 218
-- Name: basket_position_history_id_seq; Type: SEQUENCE SET; Schema: public; Owner: -
--

SELECT pg_catalog.setval('public.basket_position_history_id_seq', 75, true);


--
-- TOC entry 3790 (class 0 OID 0)
-- Dependencies: 220
-- Name: baskets_id_seq; Type: SEQUENCE SET; Schema: public; Owner: -
--

SELECT pg_catalog.setval('public.baskets_id_seq', 58, true);


--
-- TOC entry 3791 (class 0 OID 0)
-- Dependencies: 279
-- Name: cycle_impacts_id_seq; Type: SEQUENCE SET; Schema: public; Owner: -
--

SELECT pg_catalog.setval('public.cycle_impacts_id_seq', 1, false);


--
-- TOC entry 3792 (class 0 OID 0)
-- Dependencies: 222
-- Name: cycles_id_seq; Type: SEQUENCE SET; Schema: public; Owner: -
--

SELECT pg_catalog.setval('public.cycles_id_seq', 45, true);


--
-- TOC entry 3793 (class 0 OID 0)
-- Dependencies: 259
-- Name: email_config_id_seq; Type: SEQUENCE SET; Schema: public; Owner: -
--

SELECT pg_catalog.setval('public.email_config_id_seq', 4, true);


--
-- TOC entry 3794 (class 0 OID 0)
-- Dependencies: 277
-- Name: flupsy_impacts_id_seq; Type: SEQUENCE SET; Schema: public; Owner: -
--

SELECT pg_catalog.setval('public.flupsy_impacts_id_seq', 30, true);


--
-- TOC entry 3795 (class 0 OID 0)
-- Dependencies: 224
-- Name: flupsys_id_seq; Type: SEQUENCE SET; Schema: public; Owner: -
--

SELECT pg_catalog.setval('public.flupsys_id_seq', 879, true);


--
-- TOC entry 3796 (class 0 OID 0)
-- Dependencies: 271
-- Name: impact_categories_id_seq; Type: SEQUENCE SET; Schema: public; Owner: -
--

SELECT pg_catalog.setval('public.impact_categories_id_seq', 5, true);


--
-- TOC entry 3797 (class 0 OID 0)
-- Dependencies: 273
-- Name: impact_factors_id_seq; Type: SEQUENCE SET; Schema: public; Owner: -
--

SELECT pg_catalog.setval('public.impact_factors_id_seq', 12, true);


--
-- TOC entry 3798 (class 0 OID 0)
-- Dependencies: 267
-- Name: lot_inventory_transactions_id_seq; Type: SEQUENCE SET; Schema: public; Owner: -
--

SELECT pg_catalog.setval('public.lot_inventory_transactions_id_seq', 1, true);


--
-- TOC entry 3799 (class 0 OID 0)
-- Dependencies: 269
-- Name: lot_mortality_records_id_seq; Type: SEQUENCE SET; Schema: public; Owner: -
--

SELECT pg_catalog.setval('public.lot_mortality_records_id_seq', 8, true);


--
-- TOC entry 3800 (class 0 OID 0)
-- Dependencies: 226
-- Name: lots_id_seq; Type: SEQUENCE SET; Schema: public; Owner: -
--

SELECT pg_catalog.setval('public.lots_id_seq', 34, true);


--
-- TOC entry 3801 (class 0 OID 0)
-- Dependencies: 228
-- Name: mortality_rates_id_seq; Type: SEQUENCE SET; Schema: public; Owner: -
--

SELECT pg_catalog.setval('public.mortality_rates_id_seq', 36, true);


--
-- TOC entry 3802 (class 0 OID 0)
-- Dependencies: 263
-- Name: notification_settings_id_seq; Type: SEQUENCE SET; Schema: public; Owner: -
--

SELECT pg_catalog.setval('public.notification_settings_id_seq', 1, false);


--
-- TOC entry 3803 (class 0 OID 0)
-- Dependencies: 261
-- Name: notifications_id_seq; Type: SEQUENCE SET; Schema: public; Owner: -
--

SELECT pg_catalog.setval('public.notifications_id_seq', 10, true);


--
-- TOC entry 3804 (class 0 OID 0)
-- Dependencies: 285
-- Name: operation_impact_defaults_id_seq; Type: SEQUENCE SET; Schema: public; Owner: -
--

SELECT pg_catalog.setval('public.operation_impact_defaults_id_seq', 11, true);


--
-- TOC entry 3805 (class 0 OID 0)
-- Dependencies: 275
-- Name: operation_impacts_id_seq; Type: SEQUENCE SET; Schema: public; Owner: -
--

SELECT pg_catalog.setval('public.operation_impacts_id_seq', 1, false);


--
-- TOC entry 3806 (class 0 OID 0)
-- Dependencies: 230
-- Name: operations_id_seq; Type: SEQUENCE SET; Schema: public; Owner: -
--

SELECT pg_catalog.setval('public.operations_id_seq', 49, true);


--
-- TOC entry 3807 (class 0 OID 0)
-- Dependencies: 232
-- Name: screening_basket_history_id_seq; Type: SEQUENCE SET; Schema: public; Owner: -
--

SELECT pg_catalog.setval('public.screening_basket_history_id_seq', 1, false);


--
-- TOC entry 3808 (class 0 OID 0)
-- Dependencies: 234
-- Name: screening_destination_baskets_id_seq; Type: SEQUENCE SET; Schema: public; Owner: -
--

SELECT pg_catalog.setval('public.screening_destination_baskets_id_seq', 1, false);


--
-- TOC entry 3809 (class 0 OID 0)
-- Dependencies: 236
-- Name: screening_lot_references_id_seq; Type: SEQUENCE SET; Schema: public; Owner: -
--

SELECT pg_catalog.setval('public.screening_lot_references_id_seq', 1, false);


--
-- TOC entry 3810 (class 0 OID 0)
-- Dependencies: 238
-- Name: screening_operations_id_seq; Type: SEQUENCE SET; Schema: public; Owner: -
--

SELECT pg_catalog.setval('public.screening_operations_id_seq', 1, false);


--
-- TOC entry 3811 (class 0 OID 0)
-- Dependencies: 240
-- Name: screening_source_baskets_id_seq; Type: SEQUENCE SET; Schema: public; Owner: -
--

SELECT pg_catalog.setval('public.screening_source_baskets_id_seq', 1, false);


--
-- TOC entry 3812 (class 0 OID 0)
-- Dependencies: 242
-- Name: selection_basket_history_id_seq; Type: SEQUENCE SET; Schema: public; Owner: -
--

SELECT pg_catalog.setval('public.selection_basket_history_id_seq', 1, false);


--
-- TOC entry 3813 (class 0 OID 0)
-- Dependencies: 244
-- Name: selection_destination_baskets_id_seq; Type: SEQUENCE SET; Schema: public; Owner: -
--

SELECT pg_catalog.setval('public.selection_destination_baskets_id_seq', 1, false);


--
-- TOC entry 3814 (class 0 OID 0)
-- Dependencies: 246
-- Name: selection_lot_references_id_seq; Type: SEQUENCE SET; Schema: public; Owner: -
--

SELECT pg_catalog.setval('public.selection_lot_references_id_seq', 1, false);


--
-- TOC entry 3815 (class 0 OID 0)
-- Dependencies: 248
-- Name: selection_source_baskets_id_seq; Type: SEQUENCE SET; Schema: public; Owner: -
--

SELECT pg_catalog.setval('public.selection_source_baskets_id_seq', 1, false);


--
-- TOC entry 3816 (class 0 OID 0)
-- Dependencies: 250
-- Name: selections_id_seq; Type: SEQUENCE SET; Schema: public; Owner: -
--

SELECT pg_catalog.setval('public.selections_id_seq', 1, false);


--
-- TOC entry 3817 (class 0 OID 0)
-- Dependencies: 253
-- Name: sgr_giornalieri_id_seq; Type: SEQUENCE SET; Schema: public; Owner: -
--

SELECT pg_catalog.setval('public.sgr_giornalieri_id_seq', 1, false);


--
-- TOC entry 3818 (class 0 OID 0)
-- Dependencies: 254
-- Name: sgr_id_seq; Type: SEQUENCE SET; Schema: public; Owner: -
--

SELECT pg_catalog.setval('public.sgr_id_seq', 12, true);


--
-- TOC entry 3819 (class 0 OID 0)
-- Dependencies: 265
-- Name: sgr_monthly_id_seq; Type: SEQUENCE SET; Schema: public; Owner: -
--

SELECT pg_catalog.setval('public.sgr_monthly_id_seq', 12, true);


--
-- TOC entry 3820 (class 0 OID 0)
-- Dependencies: 256
-- Name: sizes_id_seq; Type: SEQUENCE SET; Schema: public; Owner: -
--

SELECT pg_catalog.setval('public.sizes_id_seq', 27, true);


--
-- TOC entry 3821 (class 0 OID 0)
-- Dependencies: 281
-- Name: sustainability_goals_id_seq; Type: SEQUENCE SET; Schema: public; Owner: -
--

SELECT pg_catalog.setval('public.sustainability_goals_id_seq', 20, true);


--
-- TOC entry 3822 (class 0 OID 0)
-- Dependencies: 283
-- Name: sustainability_reports_id_seq; Type: SEQUENCE SET; Schema: public; Owner: -
--

SELECT pg_catalog.setval('public.sustainability_reports_id_seq', 2, true);


--
-- TOC entry 3823 (class 0 OID 0)
-- Dependencies: 258
-- Name: target_size_annotations_id_seq; Type: SEQUENCE SET; Schema: public; Owner: -
--

SELECT pg_catalog.setval('public.target_size_annotations_id_seq', 1, true);


--
-- TOC entry 3824 (class 0 OID 0)
-- Dependencies: 287
-- Name: users_id_seq; Type: SEQUENCE SET; Schema: public; Owner: -
--

SELECT pg_catalog.setval('public.users_id_seq', 5, true);


--
-- TOC entry 3443 (class 2606 OID 246324)
-- Name: basket_position_history basket_position_history_pkey; Type: CONSTRAINT; Schema: public; Owner: -
--

ALTER TABLE ONLY public.basket_position_history
    ADD CONSTRAINT basket_position_history_pkey PRIMARY KEY (id);


--
-- TOC entry 3445 (class 2606 OID 246326)
-- Name: baskets baskets_pkey; Type: CONSTRAINT; Schema: public; Owner: -
--

ALTER TABLE ONLY public.baskets
    ADD CONSTRAINT baskets_pkey PRIMARY KEY (id);


--
-- TOC entry 3513 (class 2606 OID 385097)
-- Name: cycle_impacts cycle_impacts_pkey; Type: CONSTRAINT; Schema: public; Owner: -
--

ALTER TABLE ONLY public.cycle_impacts
    ADD CONSTRAINT cycle_impacts_pkey PRIMARY KEY (id);


--
-- TOC entry 3447 (class 2606 OID 246328)
-- Name: cycles cycles_pkey; Type: CONSTRAINT; Schema: public; Owner: -
--

ALTER TABLE ONLY public.cycles
    ADD CONSTRAINT cycles_pkey PRIMARY KEY (id);


--
-- TOC entry 3487 (class 2606 OID 327691)
-- Name: email_config email_config_key_key; Type: CONSTRAINT; Schema: public; Owner: -
--

ALTER TABLE ONLY public.email_config
    ADD CONSTRAINT email_config_key_key UNIQUE (key);


--
-- TOC entry 3489 (class 2606 OID 327689)
-- Name: email_config email_config_pkey; Type: CONSTRAINT; Schema: public; Owner: -
--

ALTER TABLE ONLY public.email_config
    ADD CONSTRAINT email_config_pkey PRIMARY KEY (id);


--
-- TOC entry 3511 (class 2606 OID 385082)
-- Name: flupsy_impacts flupsy_impacts_pkey; Type: CONSTRAINT; Schema: public; Owner: -
--

ALTER TABLE ONLY public.flupsy_impacts
    ADD CONSTRAINT flupsy_impacts_pkey PRIMARY KEY (id);


--
-- TOC entry 3449 (class 2606 OID 246330)
-- Name: flupsys flupsys_pkey; Type: CONSTRAINT; Schema: public; Owner: -
--

ALTER TABLE ONLY public.flupsys
    ADD CONSTRAINT flupsys_pkey PRIMARY KEY (id);


--
-- TOC entry 3505 (class 2606 OID 385042)
-- Name: impact_categories impact_categories_pkey; Type: CONSTRAINT; Schema: public; Owner: -
--

ALTER TABLE ONLY public.impact_categories
    ADD CONSTRAINT impact_categories_pkey PRIMARY KEY (id);


--
-- TOC entry 3507 (class 2606 OID 385052)
-- Name: impact_factors impact_factors_pkey; Type: CONSTRAINT; Schema: public; Owner: -
--

ALTER TABLE ONLY public.impact_factors
    ADD CONSTRAINT impact_factors_pkey PRIMARY KEY (id);


--
-- TOC entry 3499 (class 2606 OID 368650)
-- Name: lot_inventory_transactions lot_inventory_transactions_pkey; Type: CONSTRAINT; Schema: public; Owner: -
--

ALTER TABLE ONLY public.lot_inventory_transactions
    ADD CONSTRAINT lot_inventory_transactions_pkey PRIMARY KEY (id);


--
-- TOC entry 3503 (class 2606 OID 368671)
-- Name: lot_mortality_records lot_mortality_records_pkey; Type: CONSTRAINT; Schema: public; Owner: -
--

ALTER TABLE ONLY public.lot_mortality_records
    ADD CONSTRAINT lot_mortality_records_pkey PRIMARY KEY (id);


--
-- TOC entry 3451 (class 2606 OID 246332)
-- Name: lots lots_pkey; Type: CONSTRAINT; Schema: public; Owner: -
--

ALTER TABLE ONLY public.lots
    ADD CONSTRAINT lots_pkey PRIMARY KEY (id);


--
-- TOC entry 3453 (class 2606 OID 246334)
-- Name: mortality_rates mortality_rates_pkey; Type: CONSTRAINT; Schema: public; Owner: -
--

ALTER TABLE ONLY public.mortality_rates
    ADD CONSTRAINT mortality_rates_pkey PRIMARY KEY (id);


--
-- TOC entry 3493 (class 2606 OID 344074)
-- Name: notification_settings notification_settings_pkey; Type: CONSTRAINT; Schema: public; Owner: -
--

ALTER TABLE ONLY public.notification_settings
    ADD CONSTRAINT notification_settings_pkey PRIMARY KEY (id);


--
-- TOC entry 3491 (class 2606 OID 335882)
-- Name: notifications notifications_pkey; Type: CONSTRAINT; Schema: public; Owner: -
--

ALTER TABLE ONLY public.notifications
    ADD CONSTRAINT notifications_pkey PRIMARY KEY (id);


--
-- TOC entry 3520 (class 2606 OID 393244)
-- Name: operation_impact_defaults operation_impact_defaults_pkey; Type: CONSTRAINT; Schema: public; Owner: -
--

ALTER TABLE ONLY public.operation_impact_defaults
    ADD CONSTRAINT operation_impact_defaults_pkey PRIMARY KEY (id);


--
-- TOC entry 3509 (class 2606 OID 385067)
-- Name: operation_impacts operation_impacts_pkey; Type: CONSTRAINT; Schema: public; Owner: -
--

ALTER TABLE ONLY public.operation_impacts
    ADD CONSTRAINT operation_impacts_pkey PRIMARY KEY (id);


--
-- TOC entry 3455 (class 2606 OID 246336)
-- Name: operations operations_pkey; Type: CONSTRAINT; Schema: public; Owner: -
--

ALTER TABLE ONLY public.operations
    ADD CONSTRAINT operations_pkey PRIMARY KEY (id);


--
-- TOC entry 3457 (class 2606 OID 246338)
-- Name: screening_basket_history screening_basket_history_pkey; Type: CONSTRAINT; Schema: public; Owner: -
--

ALTER TABLE ONLY public.screening_basket_history
    ADD CONSTRAINT screening_basket_history_pkey PRIMARY KEY (id);


--
-- TOC entry 3459 (class 2606 OID 246340)
-- Name: screening_destination_baskets screening_destination_baskets_pkey; Type: CONSTRAINT; Schema: public; Owner: -
--

ALTER TABLE ONLY public.screening_destination_baskets
    ADD CONSTRAINT screening_destination_baskets_pkey PRIMARY KEY (id);


--
-- TOC entry 3461 (class 2606 OID 246342)
-- Name: screening_lot_references screening_lot_references_pkey; Type: CONSTRAINT; Schema: public; Owner: -
--

ALTER TABLE ONLY public.screening_lot_references
    ADD CONSTRAINT screening_lot_references_pkey PRIMARY KEY (id);


--
-- TOC entry 3463 (class 2606 OID 246344)
-- Name: screening_operations screening_operations_pkey; Type: CONSTRAINT; Schema: public; Owner: -
--

ALTER TABLE ONLY public.screening_operations
    ADD CONSTRAINT screening_operations_pkey PRIMARY KEY (id);


--
-- TOC entry 3465 (class 2606 OID 246346)
-- Name: screening_source_baskets screening_source_baskets_pkey; Type: CONSTRAINT; Schema: public; Owner: -
--

ALTER TABLE ONLY public.screening_source_baskets
    ADD CONSTRAINT screening_source_baskets_pkey PRIMARY KEY (id);


--
-- TOC entry 3467 (class 2606 OID 246348)
-- Name: selection_basket_history selection_basket_history_pkey; Type: CONSTRAINT; Schema: public; Owner: -
--

ALTER TABLE ONLY public.selection_basket_history
    ADD CONSTRAINT selection_basket_history_pkey PRIMARY KEY (id);


--
-- TOC entry 3469 (class 2606 OID 246350)
-- Name: selection_destination_baskets selection_destination_baskets_pkey; Type: CONSTRAINT; Schema: public; Owner: -
--

ALTER TABLE ONLY public.selection_destination_baskets
    ADD CONSTRAINT selection_destination_baskets_pkey PRIMARY KEY (id);


--
-- TOC entry 3471 (class 2606 OID 246352)
-- Name: selection_lot_references selection_lot_references_pkey; Type: CONSTRAINT; Schema: public; Owner: -
--

ALTER TABLE ONLY public.selection_lot_references
    ADD CONSTRAINT selection_lot_references_pkey PRIMARY KEY (id);


--
-- TOC entry 3473 (class 2606 OID 246354)
-- Name: selection_source_baskets selection_source_baskets_pkey; Type: CONSTRAINT; Schema: public; Owner: -
--

ALTER TABLE ONLY public.selection_source_baskets
    ADD CONSTRAINT selection_source_baskets_pkey PRIMARY KEY (id);


--
-- TOC entry 3475 (class 2606 OID 246356)
-- Name: selections selections_pkey; Type: CONSTRAINT; Schema: public; Owner: -
--

ALTER TABLE ONLY public.selections
    ADD CONSTRAINT selections_pkey PRIMARY KEY (id);


--
-- TOC entry 3479 (class 2606 OID 246358)
-- Name: sgr_giornalieri sgr_giornalieri_pkey; Type: CONSTRAINT; Schema: public; Owner: -
--

ALTER TABLE ONLY public.sgr_giornalieri
    ADD CONSTRAINT sgr_giornalieri_pkey PRIMARY KEY (id);


--
-- TOC entry 3495 (class 2606 OID 344084)
-- Name: sgr_monthly sgr_monthly_pkey; Type: CONSTRAINT; Schema: public; Owner: -
--

ALTER TABLE ONLY public.sgr_monthly
    ADD CONSTRAINT sgr_monthly_pkey PRIMARY KEY (id);


--
-- TOC entry 3477 (class 2606 OID 246360)
-- Name: sgr sgr_pkey; Type: CONSTRAINT; Schema: public; Owner: -
--

ALTER TABLE ONLY public.sgr
    ADD CONSTRAINT sgr_pkey PRIMARY KEY (id);


--
-- TOC entry 3481 (class 2606 OID 246362)
-- Name: sizes sizes_code_unique; Type: CONSTRAINT; Schema: public; Owner: -
--

ALTER TABLE ONLY public.sizes
    ADD CONSTRAINT sizes_code_unique UNIQUE (code);


--
-- TOC entry 3483 (class 2606 OID 246364)
-- Name: sizes sizes_pkey; Type: CONSTRAINT; Schema: public; Owner: -
--

ALTER TABLE ONLY public.sizes
    ADD CONSTRAINT sizes_pkey PRIMARY KEY (id);


--
-- TOC entry 3515 (class 2606 OID 385113)
-- Name: sustainability_goals sustainability_goals_pkey; Type: CONSTRAINT; Schema: public; Owner: -
--

ALTER TABLE ONLY public.sustainability_goals
    ADD CONSTRAINT sustainability_goals_pkey PRIMARY KEY (id);


--
-- TOC entry 3517 (class 2606 OID 385128)
-- Name: sustainability_reports sustainability_reports_pkey; Type: CONSTRAINT; Schema: public; Owner: -
--

ALTER TABLE ONLY public.sustainability_reports
    ADD CONSTRAINT sustainability_reports_pkey PRIMARY KEY (id);


--
-- TOC entry 3485 (class 2606 OID 246366)
-- Name: target_size_annotations target_size_annotations_pkey; Type: CONSTRAINT; Schema: public; Owner: -
--

ALTER TABLE ONLY public.target_size_annotations
    ADD CONSTRAINT target_size_annotations_pkey PRIMARY KEY (id);


--
-- TOC entry 3522 (class 2606 OID 417802)
-- Name: users users_pkey; Type: CONSTRAINT; Schema: public; Owner: -
--

ALTER TABLE ONLY public.users
    ADD CONSTRAINT users_pkey PRIMARY KEY (id);


--
-- TOC entry 3524 (class 2606 OID 417804)
-- Name: users users_username_key; Type: CONSTRAINT; Schema: public; Owner: -
--

ALTER TABLE ONLY public.users
    ADD CONSTRAINT users_username_key UNIQUE (username);


--
-- TOC entry 3496 (class 1259 OID 368678)
-- Name: idx_lot_inventory_transactions_date; Type: INDEX; Schema: public; Owner: -
--

CREATE INDEX idx_lot_inventory_transactions_date ON public.lot_inventory_transactions USING btree (date);


--
-- TOC entry 3497 (class 1259 OID 368677)
-- Name: idx_lot_inventory_transactions_lot_id; Type: INDEX; Schema: public; Owner: -
--

CREATE INDEX idx_lot_inventory_transactions_lot_id ON public.lot_inventory_transactions USING btree (lot_id);


--
-- TOC entry 3500 (class 1259 OID 368680)
-- Name: idx_lot_mortality_records_date; Type: INDEX; Schema: public; Owner: -
--

CREATE INDEX idx_lot_mortality_records_date ON public.lot_mortality_records USING btree (calculation_date);


--
-- TOC entry 3501 (class 1259 OID 368679)
-- Name: idx_lot_mortality_records_lot_id; Type: INDEX; Schema: public; Owner: -
--

CREATE INDEX idx_lot_mortality_records_lot_id ON public.lot_mortality_records USING btree (lot_id);


--
-- TOC entry 3518 (class 1259 OID 393245)
-- Name: idx_operation_impact_defaults_operation_type; Type: INDEX; Schema: public; Owner: -
--

CREATE INDEX idx_operation_impact_defaults_operation_type ON public.operation_impact_defaults USING btree (operation_type);


--
-- TOC entry 3531 (class 2606 OID 385098)
-- Name: cycle_impacts cycle_impacts_category_id_fkey; Type: FK CONSTRAINT; Schema: public; Owner: -
--

ALTER TABLE ONLY public.cycle_impacts
    ADD CONSTRAINT cycle_impacts_category_id_fkey FOREIGN KEY (category_id) REFERENCES public.impact_categories(id);


--
-- TOC entry 3530 (class 2606 OID 385083)
-- Name: flupsy_impacts flupsy_impacts_category_id_fkey; Type: FK CONSTRAINT; Schema: public; Owner: -
--

ALTER TABLE ONLY public.flupsy_impacts
    ADD CONSTRAINT flupsy_impacts_category_id_fkey FOREIGN KEY (category_id) REFERENCES public.impact_categories(id);


--
-- TOC entry 3528 (class 2606 OID 385053)
-- Name: impact_factors impact_factors_category_id_fkey; Type: FK CONSTRAINT; Schema: public; Owner: -
--

ALTER TABLE ONLY public.impact_factors
    ADD CONSTRAINT impact_factors_category_id_fkey FOREIGN KEY (category_id) REFERENCES public.impact_categories(id);


--
-- TOC entry 3525 (class 2606 OID 368651)
-- Name: lot_inventory_transactions lot_inventory_transactions_lot_id_fkey; Type: FK CONSTRAINT; Schema: public; Owner: -
--

ALTER TABLE ONLY public.lot_inventory_transactions
    ADD CONSTRAINT lot_inventory_transactions_lot_id_fkey FOREIGN KEY (lot_id) REFERENCES public.lots(id) ON DELETE CASCADE;


--
-- TOC entry 3526 (class 2606 OID 368656)
-- Name: lot_inventory_transactions lot_inventory_transactions_operation_id_fkey; Type: FK CONSTRAINT; Schema: public; Owner: -
--

ALTER TABLE ONLY public.lot_inventory_transactions
    ADD CONSTRAINT lot_inventory_transactions_operation_id_fkey FOREIGN KEY (operation_id) REFERENCES public.operations(id) ON DELETE SET NULL;


--
-- TOC entry 3527 (class 2606 OID 368672)
-- Name: lot_mortality_records lot_mortality_records_lot_id_fkey; Type: FK CONSTRAINT; Schema: public; Owner: -
--

ALTER TABLE ONLY public.lot_mortality_records
    ADD CONSTRAINT lot_mortality_records_lot_id_fkey FOREIGN KEY (lot_id) REFERENCES public.lots(id) ON DELETE CASCADE;


--
-- TOC entry 3529 (class 2606 OID 385068)
-- Name: operation_impacts operation_impacts_category_id_fkey; Type: FK CONSTRAINT; Schema: public; Owner: -
--

ALTER TABLE ONLY public.operation_impacts
    ADD CONSTRAINT operation_impacts_category_id_fkey FOREIGN KEY (category_id) REFERENCES public.impact_categories(id);


--
-- TOC entry 3532 (class 2606 OID 385114)
-- Name: sustainability_goals sustainability_goals_category_id_fkey; Type: FK CONSTRAINT; Schema: public; Owner: -
--

ALTER TABLE ONLY public.sustainability_goals
    ADD CONSTRAINT sustainability_goals_category_id_fkey FOREIGN KEY (category_id) REFERENCES public.impact_categories(id);


-- Completed on 2025-05-01 15:18:17 UTC

--
-- PostgreSQL database dump complete
--

